/Experiment 1/data/subject_responses/raw responses/results_s26.mat	30133	/Experiment 1/data/subject_responses/raw responses/results_s26.mat	https://osf.io/download/23c7p/
/Experiment 1/data/subject_responses/raw responses/results_s1.mat	34046	/Experiment 1/data/subject_responses/raw responses/results_s1.mat	https://osf.io/download/9pvwu/
/Experiment 1/data/subject_responses/raw responses/results_s9.mat	31175	/Experiment 1/data/subject_responses/raw responses/results_s9.mat	https://osf.io/download/bt7s5/
/Experiment 1/data/subject_responses/raw responses/results_s16.mat	31091	/Experiment 1/data/subject_responses/raw responses/results_s16.mat	https://osf.io/download/umnvz/
/Experiment 1/data/subject_responses/raw responses/results_s27.mat	30454	/Experiment 1/data/subject_responses/raw responses/results_s27.mat	https://osf.io/download/dbemg/
/Experiment 1/data/subject_responses/raw responses/results_s24.mat	30060	/Experiment 1/data/subject_responses/raw responses/results_s24.mat	https://osf.io/download/u6dp7/
/Experiment 1/data/subject_responses/raw responses/results_s12.mat	33655	/Experiment 1/data/subject_responses/raw responses/results_s12.mat	https://osf.io/download/c56yq/
/Experiment 1/data/subject_responses/raw responses/results_s5.mat	32650	/Experiment 1/data/subject_responses/raw responses/results_s5.mat	https://osf.io/download/a6wd2/
/Experiment 1/data/subject_responses/raw responses/results_s10.mat	35126	/Experiment 1/data/subject_responses/raw responses/results_s10.mat	https://osf.io/download/976vc/
/Experiment 1/data/subject_responses/raw responses/results_s31.mat	29623	/Experiment 1/data/subject_responses/raw responses/results_s31.mat	https://osf.io/download/rj5ym/
/Experiment 1/data/subject_responses/raw responses/results_s32.mat	29040	/Experiment 1/data/subject_responses/raw responses/results_s32.mat	https://osf.io/download/5e3d9be7f1369e01ad8aabac/
/Experiment 1/data/subject_responses/raw responses/results_s23.mat	30174	/Experiment 1/data/subject_responses/raw responses/results_s23.mat	https://osf.io/download/5e3d9bddf1369e01a08ac56d/
/Experiment 1/data/subject_responses/raw responses/results_s13.mat	32363	/Experiment 1/data/subject_responses/raw responses/results_s13.mat	https://osf.io/download/4e5kg/
/Experiment 1/data/subject_responses/raw responses/results_s3.mat	32360	/Experiment 1/data/subject_responses/raw responses/results_s3.mat	https://osf.io/download/5e3d9bc4f1369e019b8ad380/
/Experiment 1/data/subject_responses/raw responses/results_s19.mat	35083	/Experiment 1/data/subject_responses/raw responses/results_s19.mat	https://osf.io/download/5e3d9bd9f1369e01ad8aab76/
/Experiment 1/data/subject_responses/raw responses/results_s11.mat	34363	/Experiment 1/data/subject_responses/raw responses/results_s11.mat	https://osf.io/download/f4u2b/
/Experiment 1/data/subject_responses/raw responses/results_s30.mat	28901	/Experiment 1/data/subject_responses/raw responses/results_s30.mat	https://osf.io/download/5e3d9be4f1369e01ad8aaba0/
/Experiment 1/data/subject_responses/raw responses/results_s25.mat	29587	/Experiment 1/data/subject_responses/raw responses/results_s25.mat	https://osf.io/download/5e3d9bddf1369e01ab8aaba6/
/Experiment 1/data/subject_responses/raw responses/results_s6.mat	32440	/Experiment 1/data/subject_responses/raw responses/results_s6.mat	https://osf.io/download/5e3d9bc7f1369e019d8ad214/
/Experiment 1/data/subject_responses/raw responses/results_s7.mat	31954	/Experiment 1/data/subject_responses/raw responses/results_s7.mat	https://osf.io/download/5e3d9bcdf1369e019d8ad226/
/Experiment 1/data/subject_responses/raw responses/results_s14.mat	32665	/Experiment 1/data/subject_responses/raw responses/results_s14.mat	https://osf.io/download/kxnyq/
/Experiment 1/data/subject_responses/raw responses/results_s4.mat	32121	/Experiment 1/data/subject_responses/raw responses/results_s4.mat	https://osf.io/download/5e3d9bc5f1369e019d8ad206/
/Experiment 1/data/subject_responses/raw responses/results_s28.mat	29515	/Experiment 1/data/subject_responses/raw responses/results_s28.mat	https://osf.io/download/5e3d9be2f1369e01ab8aabb1/
/Experiment 1/data/subject_responses/raw responses/results_s18.mat	31019	/Experiment 1/data/subject_responses/raw responses/results_s18.mat	https://osf.io/download/5e3d9bd9032a4d0176e72262/
/Experiment 1/data/subject_responses/raw responses/results_s21.mat	31829	/Experiment 1/data/subject_responses/raw responses/results_s21.mat	https://osf.io/download/5e3d9bdbf1369e01a68ab567/
/Experiment 1/data/subject_responses/raw responses/results_s22.mat	31052	/Experiment 1/data/subject_responses/raw responses/results_s22.mat	https://osf.io/download/5e3d9bdb032a4d0180e7012b/
/Experiment 1/data/subject_responses/raw responses/results_s15.mat	32753	/Experiment 1/data/subject_responses/raw responses/results_s15.mat	https://osf.io/download/rwmbv/
/Experiment 1/data/subject_responses/raw responses/results_s2.mat	34068	/Experiment 1/data/subject_responses/raw responses/results_s2.mat	https://osf.io/download/5e3d9bc1032a4d0173e711c4/
/Experiment 1/data/subject_responses/raw responses/results_s20.mat	32227	/Experiment 1/data/subject_responses/raw responses/results_s20.mat	https://osf.io/download/5e3d9bd8f1369e01a68ab562/
/Experiment 1/data/subject_responses/raw responses/results_s8.mat	31337	/Experiment 1/data/subject_responses/raw responses/results_s8.mat	https://osf.io/download/5e3d9bcff1369e019b8ad3a0/
/Experiment 1/data/subject_responses/raw responses/results_s29.mat	30127	/Experiment 1/data/subject_responses/raw responses/results_s29.mat	https://osf.io/download/5e3d9be2f1369e01ad8aab97/
/Experiment 1/data/subject_responses/raw responses/results_s17.mat	31618	/Experiment 1/data/subject_responses/raw responses/results_s17.mat	https://osf.io/download/3qsu2/
/Experiment 1/data/subject_responses/dataForModeling.mat	1608	/Experiment 1/data/subject_responses/dataForModeling.mat	https://osf.io/download/7apk3/
/Experiment 1/data/fitting results/extended/fitting_6.mat	5109	/Experiment 1/data/fitting results/extended/fitting_6.mat	https://osf.io/download/5e3d9bf7f1369e01af8aab78/
/Experiment 1/data/fitting results/extended/fitting_2.mat	5098	/Experiment 1/data/fitting results/extended/fitting_2.mat	https://osf.io/download/5e3d9bf3032a4d0189e6e263/
/Experiment 1/data/fitting results/extended/population_extended.mat	2355	/Experiment 1/data/fitting results/extended/population_extended.mat	https://osf.io/download/5e3d9bf9032a4d0189e6e276/
/Experiment 1/data/fitting results/extended/twohighest_extended.mat	2411	/Experiment 1/data/fitting results/extended/twohighest_extended.mat	https://osf.io/download/5e3d9bfcf1369e01af8aab83/
/Experiment 1/data/fitting results/extended/fitting_3.mat	5114	/Experiment 1/data/fitting results/extended/fitting_3.mat	https://osf.io/download/brfky/
/Experiment 1/data/fitting results/extended/fitting_5.mat	5109	/Experiment 1/data/fitting results/extended/fitting_5.mat	https://osf.io/download/5e3d9bf8f1369e019d8ad252/
/Experiment 1/data/fitting results/extended/fitting_1.mat	5093	/Experiment 1/data/fitting results/extended/fitting_1.mat	https://osf.io/download/5e3d9bf4032a4d0189e6e267/
/Experiment 1/data/fitting results/extended/fitting_4.mat	5112	/Experiment 1/data/fitting results/extended/fitting_4.mat	https://osf.io/download/5e3d9bf7f1369e01b18aab66/
/Experiment 1/data/fitting results/extended/summary_extended.mat	2317	/Experiment 1/data/fitting results/extended/summary_extended.mat	https://osf.io/download/5e3d9bfa032a4d0189e6e281/
/Experiment 1/data/fitting results/attention_extended/fitting_3_attend2.mat	5068	/Experiment 1/data/fitting results/attention_extended/fitting_3_attend2.mat	https://osf.io/download/5e3d9c02f1369e01b18aab83/
/Experiment 1/data/fitting results/attention_extended/fitting_6_attend3.mat	5105	/Experiment 1/data/fitting results/attention_extended/fitting_6_attend3.mat	https://osf.io/download/5e3d9c0af1369e019d8ad273/
/Experiment 1/data/fitting results/attention_extended/attention_2.mat	2368	/Experiment 1/data/fitting results/attention_extended/attention_2.mat	https://osf.io/download/5e3d9bfc032a4d0187e6e280/
/Experiment 1/data/fitting results/attention_extended/fitting_6_attend2.mat	5074	/Experiment 1/data/fitting results/attention_extended/fitting_6_attend2.mat	https://osf.io/download/5e3d9c05032a4d0180e70167/
/Experiment 1/data/fitting results/attention_extended/fitting_5_attend2.mat	5076	/Experiment 1/data/fitting results/attention_extended/fitting_5_attend2.mat	https://osf.io/download/5e3d9c07f1369e019d8ad26e/
/Experiment 1/data/fitting results/attention_extended/fitting_2_attend2.mat	5068	/Experiment 1/data/fitting results/attention_extended/fitting_2_attend2.mat	https://osf.io/download/5e3d9c02032a4d0187e6e291/
/Experiment 1/data/fitting results/attention_extended/fitting_1_attend2.mat	5048	/Experiment 1/data/fitting results/attention_extended/fitting_1_attend2.mat	https://osf.io/download/5e3d9bfdf1369e01ab8aabde/
/Experiment 1/data/fitting results/attention_extended/fitting_4_attend2.mat	5073	/Experiment 1/data/fitting results/attention_extended/fitting_4_attend2.mat	https://osf.io/download/5e3d9c05032a4d0189e6e2aa/
/Experiment 1/data/fitting results/attention_extended/attention_3.mat	2390	/Experiment 1/data/fitting results/attention_extended/attention_3.mat	https://osf.io/download/5e3d9bfcf1369e01a68ab5a0/
/Experiment 1/data/fitting results/attention_extended/fitting_1_attend3.mat	5077	/Experiment 1/data/fitting results/attention_extended/fitting_1_attend3.mat	https://osf.io/download/5e3d9bff032a4d017ce70566/
/Experiment 1/data/fitting results/attention_extended/fitting_3_attend3.mat	5100	/Experiment 1/data/fitting results/attention_extended/fitting_3_attend3.mat	https://osf.io/download/5e3d9c02f1369e01ad8aabd4/
/Experiment 1/data/fitting results/attention_extended/fitting_5_attend3.mat	5103	/Experiment 1/data/fitting results/attention_extended/fitting_5_attend3.mat	https://osf.io/download/5e3d9c05032a4d0189e6e2a6/
/Experiment 1/data/fitting results/attention_extended/fitting_2_attend3.mat	5102	/Experiment 1/data/fitting results/attention_extended/fitting_2_attend3.mat	https://osf.io/download/5e3d9c00032a4d017ce7056b/
/Experiment 1/data/fitting results/attention_extended/fitting_4_attend3.mat	5104	/Experiment 1/data/fitting results/attention_extended/fitting_4_attend3.mat	https://osf.io/download/5e3d9c07032a4d0185e6e2b8/
/Experiment 1/data/fitting results/simple/fitting_5.mat	3852	/Experiment 1/data/fitting results/simple/fitting_5.mat	https://osf.io/download/5e3d9beef1369e01af8aab69/
/Experiment 1/data/fitting results/simple/population_simple.mat	2320	/Experiment 1/data/fitting results/simple/population_simple.mat	https://osf.io/download/qdygm/
/Experiment 1/data/fitting results/simple/fitting_1.mat	3839	/Experiment 1/data/fitting results/simple/fitting_1.mat	https://osf.io/download/uz4v6/
/Experiment 1/data/fitting results/simple/summary_simple.mat	2306	/Experiment 1/data/fitting results/simple/summary_simple.mat	https://osf.io/download/2xuyq/
/Experiment 1/data/fitting results/simple/fitting_3.mat	3846	/Experiment 1/data/fitting results/simple/fitting_3.mat	https://osf.io/download/5e3d9bed032a4d0179e7054d/
/Experiment 1/data/fitting results/simple/fitting_6.mat	3847	/Experiment 1/data/fitting results/simple/fitting_6.mat	https://osf.io/download/5e3d9bef032a4d0189e6e24e/
/Experiment 1/data/fitting results/simple/twohighest_simple.mat	2370	/Experiment 1/data/fitting results/simple/twohighest_simple.mat	https://osf.io/download/5e3d9bf2032a4d017ce7055a/
/Experiment 1/data/fitting results/simple/fitting_4.mat	3842	/Experiment 1/data/fitting results/simple/fitting_4.mat	https://osf.io/download/5e3d9beef1369e01ad8aabba/
/Experiment 1/data/fitting results/simple/fitting_2.mat	3849	/Experiment 1/data/fitting results/simple/fitting_2.mat	https://osf.io/download/5e3d9beef1369e01a08ac582/
/Experiment 1/codes/analysis/print results/Run_code.m	8415	/Experiment 1/codes/analysis/print results/Run_code.m	https://osf.io/download/rnts5/
/Experiment 1/codes/analysis/print results/AICanalysis.m	754	/Experiment 1/codes/analysis/print results/AICanalysis.m	https://osf.io/download/4pxn6/
/Experiment 1/codes/analysis/fitting_attention_extended/newsol.m	353	/Experiment 1/codes/analysis/fitting_attention_extended/newsol.m	https://osf.io/download/kydv2/
/Experiment 1/codes/analysis/fitting_attention_extended/step3_test_fitting.m	7185	/Experiment 1/codes/analysis/fitting_attention_extended/step3_test_fitting.m	https://osf.io/download/qrwyk/
/Experiment 1/codes/analysis/fitting_attention_extended/step1_initial_parameter_fitting.m	1829	/Experiment 1/codes/analysis/fitting_attention_extended/step1_initial_parameter_fitting.m	https://osf.io/download/7qkav/
/Experiment 1/codes/analysis/fitting_attention_extended/step2_additional_parameter_fitting.m	2430	/Experiment 1/codes/analysis/fitting_attention_extended/step2_additional_parameter_fitting.m	https://osf.io/download/5e3d9b85032a4d0176e7220a/
/Experiment 1/codes/analysis/fitting_attention_extended/anneal.m	8158	/Experiment 1/codes/analysis/fitting_attention_extended/anneal.m	https://osf.io/download/sq56h/
/Experiment 1/codes/analysis/fitting_attention_extended/fitOneSub_attention.m	788	/Experiment 1/codes/analysis/fitting_attention_extended/fitOneSub_attention.m	https://osf.io/download/r2d3m/
/Experiment 1/codes/analysis/fitting_attention_extended/logL_func_attention.m	1959	/Experiment 1/codes/analysis/fitting_attention_extended/logL_func_attention.m	https://osf.io/download/bdfzh/
/Experiment 1/codes/analysis/organize behavioral responses/behavioral_data_cleanup.m	3458	/Experiment 1/codes/analysis/organize behavioral responses/behavioral_data_cleanup.m	https://osf.io/download/vy92z/
/Experiment 1/codes/analysis/fitting_extended/step1_initial_parameter_fitting.m	1505	/Experiment 1/codes/analysis/fitting_extended/step1_initial_parameter_fitting.m	https://osf.io/download/u2h7p/
/Experiment 1/codes/analysis/fitting_extended/step2_additional_parameter_fitting.m	1779	/Experiment 1/codes/analysis/fitting_extended/step2_additional_parameter_fitting.m	https://osf.io/download/5e3d9b6bf1369e01a28ac408/
/Experiment 1/codes/analysis/fitting_extended/newsol.m	353	/Experiment 1/codes/analysis/fitting_extended/newsol.m	https://osf.io/download/7t6c5/
/Experiment 1/codes/analysis/fitting_extended/step3_test_fitting.m	6119	/Experiment 1/codes/analysis/fitting_extended/step3_test_fitting.m	https://osf.io/download/g5vyz/
/Experiment 1/codes/analysis/fitting_extended/anneal.m	8158	/Experiment 1/codes/analysis/fitting_extended/anneal.m	https://osf.io/download/ckb6t/
/Experiment 1/codes/analysis/fitting_extended/logL_func_extended.m	1419	/Experiment 1/codes/analysis/fitting_extended/logL_func_extended.m	https://osf.io/download/4drbx/
/Experiment 1/codes/analysis/fitting_extended/fitOneSub_extended.m	786	/Experiment 1/codes/analysis/fitting_extended/fitOneSub_extended.m	https://osf.io/download/c3hp6/
/Experiment 1/codes/analysis/fitting_simple/anneal.m	8158	/Experiment 1/codes/analysis/fitting_simple/anneal.m	https://osf.io/download/9ta4x/
/Experiment 1/codes/analysis/fitting_simple/fitOneSub_simple.m	794	/Experiment 1/codes/analysis/fitting_simple/fitOneSub_simple.m	https://osf.io/download/y6kue/
/Experiment 1/codes/analysis/fitting_simple/newsol.m	353	/Experiment 1/codes/analysis/fitting_simple/newsol.m	https://osf.io/download/dpm9a/
/Experiment 1/codes/analysis/fitting_simple/logL_func_simple.m	2363	/Experiment 1/codes/analysis/fitting_simple/logL_func_simple.m	https://osf.io/download/xbcsq/
/Experiment 1/codes/analysis/fitting_simple/step2_additional_parameter_fitting.m	1782	/Experiment 1/codes/analysis/fitting_simple/step2_additional_parameter_fitting.m	https://osf.io/download/ug2sk/
/Experiment 1/codes/analysis/fitting_simple/step3_test_fitting.m	6177	/Experiment 1/codes/analysis/fitting_simple/step3_test_fitting.m	https://osf.io/download/mdpj9/
/Experiment 1/codes/analysis/fitting_simple/step1_initial_parameter_fitting.m	1508	/Experiment 1/codes/analysis/fitting_simple/step1_initial_parameter_fitting.m	https://osf.io/download/8eqys/
/Experiment 2/codes/analysis/fitting_simple/anneal.m	8158	/Experiment 2/codes/analysis/fitting_simple/anneal.m	https://osf.io/download/xwsu6/
/Experiment 2/codes/analysis/fitting_simple/logL_func_simple.m	1418	/Experiment 2/codes/analysis/fitting_simple/logL_func_simple.m	https://osf.io/download/t38c2/
/Experiment 2/codes/analysis/fitting_simple/step3_test_fitting.m	6867	/Experiment 2/codes/analysis/fitting_simple/step3_test_fitting.m	https://osf.io/download/empwh/
/Experiment 2/codes/analysis/fitting_simple/step1_initial_fitting_parameters.m	1545	/Experiment 2/codes/analysis/fitting_simple/step1_initial_fitting_parameters.m	https://osf.io/download/38vd5/
/Experiment 2/codes/analysis/fitting_simple/newsol.m	353	/Experiment 2/codes/analysis/fitting_simple/newsol.m	https://osf.io/download/r536g/
/Experiment 2/codes/analysis/fitting_simple/fitOneSub_simple.m	809	/Experiment 2/codes/analysis/fitting_simple/fitOneSub_simple.m	https://osf.io/download/6vyc8/
/Experiment 2/codes/analysis/fitting_simple/step2_additional_fitting_parameters.m	1822	/Experiment 2/codes/analysis/fitting_simple/step2_additional_fitting_parameters.m	https://osf.io/download/fjs8b/
/Experiment 2/codes/analysis/print results/Run_Code.m	8545	/Experiment 2/codes/analysis/print results/Run_Code.m	https://osf.io/download/8uh3c/
/Experiment 2/codes/analysis/print results/AICanalysis.m	754	/Experiment 2/codes/analysis/print results/AICanalysis.m	https://osf.io/download/gu3x5/
/Experiment 2/codes/analysis/organize behavioral responses/behavioral_data_cleanup.m	2583	/Experiment 2/codes/analysis/organize behavioral responses/behavioral_data_cleanup.m	https://osf.io/download/xq56s/
/Experiment 2/codes/analysis/fitting_extended/step3_test_fitting.m	6699	/Experiment 2/codes/analysis/fitting_extended/step3_test_fitting.m	https://osf.io/download/suzt9/
/Experiment 2/codes/analysis/fitting_extended/logL_func_extended.m	1430	/Experiment 2/codes/analysis/fitting_extended/logL_func_extended.m	https://osf.io/download/wnxzu/
/Experiment 2/codes/analysis/fitting_extended/step1_initial_parameter_fitting.m	1551	/Experiment 2/codes/analysis/fitting_extended/step1_initial_parameter_fitting.m	https://osf.io/download/ghyc3/
/Experiment 2/codes/analysis/fitting_extended/anneal.m	8158	/Experiment 2/codes/analysis/fitting_extended/anneal.m	https://osf.io/download/rux6w/
/Experiment 2/codes/analysis/fitting_extended/step2_additional_parameter_fitting.m	1828	/Experiment 2/codes/analysis/fitting_extended/step2_additional_parameter_fitting.m	https://osf.io/download/ujfx5/
/Experiment 2/codes/analysis/fitting_extended/newsol.m	353	/Experiment 2/codes/analysis/fitting_extended/newsol.m	https://osf.io/download/gv658/
/Experiment 2/codes/analysis/fitting_extended/fitOneSub_extended.m	784	/Experiment 2/codes/analysis/fitting_extended/fitOneSub_extended.m	https://osf.io/download/5r6d3/
/Experiment 2/codes/analysis/fitting_attention_extended/newsol.m	413	/Experiment 2/codes/analysis/fitting_attention_extended/newsol.m	https://osf.io/download/7rpz9/
/Experiment 2/codes/analysis/fitting_attention_extended/step1_initial_parameter_fitting.m	1881	/Experiment 2/codes/analysis/fitting_attention_extended/step1_initial_parameter_fitting.m	https://osf.io/download/75ecn/
/Experiment 2/codes/analysis/fitting_attention_extended/anneal.m	8158	/Experiment 2/codes/analysis/fitting_attention_extended/anneal.m	https://osf.io/download/zyt8a/
/Experiment 2/codes/analysis/fitting_attention_extended/fitOneSub_attention.m	786	/Experiment 2/codes/analysis/fitting_attention_extended/fitOneSub_attention.m	https://osf.io/download/wtsgb/
/Experiment 2/codes/analysis/fitting_attention_extended/step2_additional_parameter_fitting.m	2630	/Experiment 2/codes/analysis/fitting_attention_extended/step2_additional_parameter_fitting.m	https://osf.io/download/fe5uw/
/Experiment 2/codes/analysis/fitting_attention_extended/step3_test_fitting.m	7313	/Experiment 2/codes/analysis/fitting_attention_extended/step3_test_fitting.m	https://osf.io/download/pxf2v/
/Experiment 2/codes/analysis/fitting_attention_extended/logL_func_attention.m	1889	/Experiment 2/codes/analysis/fitting_attention_extended/logL_func_attention.m	https://osf.io/download/gry9t/
/Experiment 2/data/subject_responses/dataForModeling.mat	1281	/Experiment 2/data/subject_responses/dataForModeling.mat	https://osf.io/download/z84xs/
/Experiment 2/data/subject_responses/raw responses/sub2_2.mat	65813	/Experiment 2/data/subject_responses/raw responses/sub2_2.mat	https://osf.io/download/5e3d9cd1f1369e019b8ad40d/
/Experiment 2/data/subject_responses/raw responses/sub7_1.mat	76197	/Experiment 2/data/subject_responses/raw responses/sub7_1.mat	https://osf.io/download/5e3d9ce4032a4d0185e6e3bd/
/Experiment 2/data/subject_responses/raw responses/sub10_3.mat	72005	/Experiment 2/data/subject_responses/raw responses/sub10_3.mat	https://osf.io/download/5e3d9cef032a4d0185e6e3d9/
/Experiment 2/data/subject_responses/raw responses/sub4_2.mat	72241	/Experiment 2/data/subject_responses/raw responses/sub4_2.mat	https://osf.io/download/5e3d9cdb032a4d0189e6e496/
/Experiment 2/data/subject_responses/raw responses/sub3_2.mat	64269	/Experiment 2/data/subject_responses/raw responses/sub3_2.mat	https://osf.io/download/5e3d9cd6f1369e01968ae1cf/
/Experiment 2/data/subject_responses/raw responses/sub10_1.mat	78368	/Experiment 2/data/subject_responses/raw responses/sub10_1.mat	https://osf.io/download/5e3d9cebf1369e01af8aacca/
/Experiment 2/data/subject_responses/raw responses/sub2_1.mat	74681	/Experiment 2/data/subject_responses/raw responses/sub2_1.mat	https://osf.io/download/5e3d9cd1032a4d0185e6e3a5/
/Experiment 2/data/subject_responses/raw responses/sub1_3.mat	62138	/Experiment 2/data/subject_responses/raw responses/sub1_3.mat	https://osf.io/download/5e3d9cd1f1369e01af8aac8c/
/Experiment 2/data/subject_responses/raw responses/sub5_3.mat	71311	/Experiment 2/data/subject_responses/raw responses/sub5_3.mat	https://osf.io/download/5e3d9cddf1369e01968ae1d4/
/Experiment 2/data/subject_responses/raw responses/sub2_3.mat	68269	/Experiment 2/data/subject_responses/raw responses/sub2_3.mat	https://osf.io/download/5e3d9cd4f1369e01af8aac95/
/Experiment 2/data/subject_responses/raw responses/sub6_2.mat	71004	/Experiment 2/data/subject_responses/raw responses/sub6_2.mat	https://osf.io/download/5e3d9cdff1369e01ad8aacac/
/Experiment 2/data/subject_responses/raw responses/sub10_2.mat	72042	/Experiment 2/data/subject_responses/raw responses/sub10_2.mat	https://osf.io/download/5e3d9cec032a4d0185e6e3d2/
/Experiment 2/data/subject_responses/raw responses/sub5_2.mat	71699	/Experiment 2/data/subject_responses/raw responses/sub5_2.mat	https://osf.io/download/5e3d9cddf1369e01ad8aaca4/
/Experiment 2/data/subject_responses/raw responses/sub5_1.mat	76666	/Experiment 2/data/subject_responses/raw responses/sub5_1.mat	https://osf.io/download/5e3d9cdd032a4d017ce705f8/
/Experiment 2/data/subject_responses/raw responses/sub9_3.mat	72168	/Experiment 2/data/subject_responses/raw responses/sub9_3.mat	https://osf.io/download/5e3d9ce9f1369e01af8aacc1/
/Experiment 2/data/subject_responses/raw responses/sub3_1.mat	70688	/Experiment 2/data/subject_responses/raw responses/sub3_1.mat	https://osf.io/download/5e3d9cd5f1369e01af8aac9a/
/Experiment 2/data/subject_responses/raw responses/sub9_1.mat	76022	/Experiment 2/data/subject_responses/raw responses/sub9_1.mat	https://osf.io/download/5e3d9ce9032a4d0183e6ee10/
/Experiment 2/data/subject_responses/raw responses/sub4_3.mat	71235	/Experiment 2/data/subject_responses/raw responses/sub4_3.mat	https://osf.io/download/5e3d9cd8f1369e01af8aaca3/
/Experiment 2/data/subject_responses/raw responses/sub6_3.mat	70996	/Experiment 2/data/subject_responses/raw responses/sub6_3.mat	https://osf.io/download/5e3d9ce1f1369e019d8ad2b7/
/Experiment 2/data/subject_responses/raw responses/sub1_1.mat	72874	/Experiment 2/data/subject_responses/raw responses/sub1_1.mat	https://osf.io/download/5e3d9cd0032a4d0185e6e3a1/
/Experiment 2/data/subject_responses/raw responses/sub8_1.mat	75897	/Experiment 2/data/subject_responses/raw responses/sub8_1.mat	https://osf.io/download/5e3d9ce5032a4d0187e6e3e8/
/Experiment 2/data/subject_responses/raw responses/sub4_1.mat	70992	/Experiment 2/data/subject_responses/raw responses/sub4_1.mat	https://osf.io/download/sgv5b/
/Experiment 2/data/subject_responses/raw responses/sub1_2.mat	63309	/Experiment 2/data/subject_responses/raw responses/sub1_2.mat	https://osf.io/download/5e3d9cd2032a4d0187e6e3b9/
/Experiment 2/data/subject_responses/raw responses/sub8_2.mat	75616	/Experiment 2/data/subject_responses/raw responses/sub8_2.mat	https://osf.io/download/5e3d9ce4f1369e01a28ac56a/
/Experiment 2/data/subject_responses/raw responses/sub9_2.mat	73473	/Experiment 2/data/subject_responses/raw responses/sub9_2.mat	https://osf.io/download/5e3d9ce9f1369e01a68ab652/
/Experiment 2/data/subject_responses/raw responses/sub8_3.mat	73100	/Experiment 2/data/subject_responses/raw responses/sub8_3.mat	https://osf.io/download/5e3d9ce7f1369e01a08ac5fb/
/Experiment 2/data/subject_responses/raw responses/sub7_2.mat	70844	/Experiment 2/data/subject_responses/raw responses/sub7_2.mat	https://osf.io/download/5e3d9ce4032a4d0189e6e4b6/
/Experiment 2/data/subject_responses/raw responses/sub3_3.mat	61824	/Experiment 2/data/subject_responses/raw responses/sub3_3.mat	https://osf.io/download/5e3d9cd6032a4d0189e6e483/
/Experiment 2/data/subject_responses/raw responses/sub6_1.mat	76874	/Experiment 2/data/subject_responses/raw responses/sub6_1.mat	https://osf.io/download/5e3d9cdcf1369e01af8aacaa/
/Experiment 2/data/subject_responses/raw responses/sub7_3.mat	70789	/Experiment 2/data/subject_responses/raw responses/sub7_3.mat	https://osf.io/download/5e3d9ce5032a4d017ce705ff/
/Experiment 2/data/fitting results/attention_extended/fitting_4_attend3.mat	3195	/Experiment 2/data/fitting results/attention_extended/fitting_4_attend3.mat	https://osf.io/download/5e3d9cf6f1369e01ad8aacce/
/Experiment 2/data/fitting results/attention_extended/fitting_6_attend3.mat	3195	/Experiment 2/data/fitting results/attention_extended/fitting_6_attend3.mat	https://osf.io/download/5e3d9cfbf1369e01b18aad82/
/Experiment 2/data/fitting results/attention_extended/fitting_5_attend2.mat	3171	/Experiment 2/data/fitting results/attention_extended/fitting_5_attend2.mat	https://osf.io/download/5e3d9cf7032a4d0189e6e4f7/
/Experiment 2/data/fitting results/attention_extended/fitting_1_attend2.mat	3116	/Experiment 2/data/fitting results/attention_extended/fitting_1_attend2.mat	https://osf.io/download/5e3d9ceff1369e01a68ab65c/
/Experiment 2/data/fitting results/attention_extended/fitting_3_attend2.mat	3147	/Experiment 2/data/fitting results/attention_extended/fitting_3_attend2.mat	https://osf.io/download/5e3d9cf3032a4d0189e6e4e9/
/Experiment 2/data/fitting results/attention_extended/fitting_2_attend3.mat	3181	/Experiment 2/data/fitting results/attention_extended/fitting_2_attend3.mat	https://osf.io/download/5e3d9cf3f1369e01a68ab663/
/Experiment 2/data/fitting results/attention_extended/attention_3.mat	938	/Experiment 2/data/fitting results/attention_extended/attention_3.mat	https://osf.io/download/5e3d9ceff1369e01a08ac602/
/Experiment 2/data/fitting results/attention_extended/fitting_1_attend3.mat	3167	/Experiment 2/data/fitting results/attention_extended/fitting_1_attend3.mat	https://osf.io/download/5e3d9cf1032a4d0187e6e404/
/Experiment 2/data/fitting results/attention_extended/fitting_6_attend2.mat	3163	/Experiment 2/data/fitting results/attention_extended/fitting_6_attend2.mat	https://osf.io/download/5e3d9cf9f1369e01b18aad7a/
/Experiment 2/data/fitting results/attention_extended/fitting_3_attend3.mat	3195	/Experiment 2/data/fitting results/attention_extended/fitting_3_attend3.mat	https://osf.io/download/5e3d9cf2032a4d0189e6e4e3/
/Experiment 2/data/fitting results/attention_extended/fitting_5_attend3.mat	3194	/Experiment 2/data/fitting results/attention_extended/fitting_5_attend3.mat	https://osf.io/download/5e3d9cf9f1369e01a08ac608/
/Experiment 2/data/fitting results/attention_extended/attention_2.mat	957	/Experiment 2/data/fitting results/attention_extended/attention_2.mat	https://osf.io/download/5e3d9ced032a4d0189e6e4d4/
/Experiment 2/data/fitting results/attention_extended/fitting_4_attend2.mat	3171	/Experiment 2/data/fitting results/attention_extended/fitting_4_attend2.mat	https://osf.io/download/5e3d9cf6f1369e01b18aad6f/
/Experiment 2/data/fitting results/attention_extended/fitting_2_attend2.mat	3146	/Experiment 2/data/fitting results/attention_extended/fitting_2_attend2.mat	https://osf.io/download/5e3d9cf3f1369e01b18aad62/
/Experiment 2/data/fitting results/simple/twohighest_simple.mat	942	/Experiment 2/data/fitting results/simple/twohighest_simple.mat	https://osf.io/download/5e3d9d0cf1369e01af8aad04/
/Experiment 2/data/fitting results/simple/fitting_5.mat	1764	/Experiment 2/data/fitting results/simple/fitting_5.mat	https://osf.io/download/5e3d9d09f1369e01af8aacff/
/Experiment 2/data/fitting results/simple/fitting_1.mat	1769	/Experiment 2/data/fitting results/simple/fitting_1.mat	https://osf.io/download/5e3d9d04032a4d0185e6e3f6/
/Experiment 2/data/fitting results/simple/summary_simple.mat	923	/Experiment 2/data/fitting results/simple/summary_simple.mat	https://osf.io/download/5e3d9d09f1369e01ad8aacef/
/Experiment 2/data/fitting results/simple/fitting_3.mat	1764	/Experiment 2/data/fitting results/simple/fitting_3.mat	https://osf.io/download/5e3d9d04f1369e01b18aada2/
/Experiment 2/data/fitting results/simple/fitting_2.mat	1761	/Experiment 2/data/fitting results/simple/fitting_2.mat	https://osf.io/download/5e3d9d04f1369e01a68ab671/
/Experiment 2/data/fitting results/simple/population_simple.mat	928	/Experiment 2/data/fitting results/simple/population_simple.mat	https://osf.io/download/5e3d9d08f1369e01a28ac587/
/Experiment 2/data/fitting results/simple/threehighest_simple.mat	942	/Experiment 2/data/fitting results/simple/threehighest_simple.mat	https://osf.io/download/5e3d9d0bf1369e01a68ab67a/
/Experiment 2/data/fitting results/simple/fitting_4.mat	1763	/Experiment 2/data/fitting results/simple/fitting_4.mat	https://osf.io/download/5e3d9d08032a4d0189e6e52e/
/Experiment 2/data/fitting results/simple/fitting_6.mat	1764	/Experiment 2/data/fitting results/simple/fitting_6.mat	https://osf.io/download/5e3d9d09032a4d0176e722fa/
/Experiment 2/data/fitting results/extended/twohighest_extended.mat	951	/Experiment 2/data/fitting results/extended/twohighest_extended.mat	https://osf.io/download/5e3d9d04032a4d0176e722f4/
/Experiment 2/data/fitting results/extended/fitting_6.mat	3213	/Experiment 2/data/fitting results/extended/fitting_6.mat	https://osf.io/download/5e3d9d01f1369e01a28ac57e/
/Experiment 2/data/fitting results/extended/fitting_5.mat	3217	/Experiment 2/data/fitting results/extended/fitting_5.mat	https://osf.io/download/5e3d9d01032a4d0187e6e428/
/Experiment 2/data/fitting results/extended/summary_extended.mat	928	/Experiment 2/data/fitting results/extended/summary_extended.mat	https://osf.io/download/5e3d9d00032a4d0189e6e516/
/Experiment 2/data/fitting results/extended/threehighest_extended.mat	953	/Experiment 2/data/fitting results/extended/threehighest_extended.mat	https://osf.io/download/5e3d9d03032a4d0173e71258/
/Experiment 2/data/fitting results/extended/fitting_2.mat	3214	/Experiment 2/data/fitting results/extended/fitting_2.mat	https://osf.io/download/5e3d9cfc032a4d0189e6e50c/
/Experiment 2/data/fitting results/extended/fitting_1.mat	3212	/Experiment 2/data/fitting results/extended/fitting_1.mat	https://osf.io/download/5e3d9cfbf1369e01b18aad86/
/Experiment 2/data/fitting results/extended/fitting_3.mat	3219	/Experiment 2/data/fitting results/extended/fitting_3.mat	https://osf.io/download/5e3d9cfdf1369e01ad8aacde/
/Experiment 2/data/fitting results/extended/population_extended.mat	933	/Experiment 2/data/fitting results/extended/population_extended.mat	https://osf.io/download/5e3d9d01f1369e01af8aacf4/
/Experiment 2/data/fitting results/extended/fitting_4.mat	3221	/Experiment 2/data/fitting results/extended/fitting_4.mat	https://osf.io/download/5e3d9cfe032a4d0185e6e3ea/
/Experiment 3/data/fitting results/extended/fitting_5.mat	3244	/Experiment 3/data/fitting results/extended/fitting_5.mat	https://osf.io/download/5e3d9dd2f1369e01b18aaeeb/
/Experiment 3/data/fitting results/extended/fitting_1.mat	3240	/Experiment 3/data/fitting results/extended/fitting_1.mat	https://osf.io/download/5e3d9dcbf1369e01af8aae02/
/Experiment 3/data/fitting results/extended/fitting_4.mat	3243	/Experiment 3/data/fitting results/extended/fitting_4.mat	https://osf.io/download/5e3d9dd0f1369e01a68ab6f7/
/Experiment 3/data/fitting results/extended/fitting_2.mat	3240	/Experiment 3/data/fitting results/extended/fitting_2.mat	https://osf.io/download/5e3d9dcd032a4d0189e6e710/
/Experiment 3/data/fitting results/extended/population_extended.mat	966	/Experiment 3/data/fitting results/extended/population_extended.mat	https://osf.io/download/5e3d9dcf032a4d0189e6e715/
/Experiment 3/data/fitting results/extended/fitting_3.mat	3243	/Experiment 3/data/fitting results/extended/fitting_3.mat	https://osf.io/download/5e3d9dccf1369e01b38aac23/
/Experiment 3/data/fitting results/extended/fitting_6.mat	3245	/Experiment 3/data/fitting results/extended/fitting_6.mat	https://osf.io/download/5e3d9dd1032a4d0187e6e529/
/Experiment 3/data/fitting results/extended/summary+random_extended.mat	897	/Experiment 3/data/fitting results/extended/summary+random_extended.mat	https://osf.io/download/5e3d9dd2f1369e01b38aac32/
/Experiment 3/data/fitting results/extended/summary+strategic_extended.mat	917	/Experiment 3/data/fitting results/extended/summary+strategic_extended.mat	https://osf.io/download/5e3d9dd3f1369e01b18aaef1/
/Experiment 3/data/fitting results/simple/population_simple.mat	962	/Experiment 3/data/fitting results/simple/population_simple.mat	https://osf.io/download/5e3d9dcbf1369e01af8aae06/
/Experiment 3/data/fitting results/simple/summary+strategic_simple.mat	906	/Experiment 3/data/fitting results/simple/summary+strategic_simple.mat	https://osf.io/download/5e3d9dc8f1369e01ad8aadb8/
/Experiment 3/data/fitting results/simple/fitting_2.mat	1805	/Experiment 3/data/fitting results/simple/fitting_2.mat	https://osf.io/download/5e3d9dc4f1369e01b18aaedd/
/Experiment 3/data/fitting results/simple/fitting_1.mat	1793	/Experiment 3/data/fitting results/simple/fitting_1.mat	https://osf.io/download/5e3d9dc3f1369e01ad8aadb1/
/Experiment 3/data/fitting results/simple/fitting_5.mat	1784	/Experiment 3/data/fitting results/simple/fitting_5.mat	https://osf.io/download/5e3d9dc4f1369e01ab8aad6c/
/Experiment 3/data/fitting results/simple/summary+random_simple.mat	886	/Experiment 3/data/fitting results/simple/summary+random_simple.mat	https://osf.io/download/5e3d9dca032a4d0183e6eec2/
/Experiment 3/data/fitting results/simple/fitting_6.mat	1800	/Experiment 3/data/fitting results/simple/fitting_6.mat	https://osf.io/download/5e3d9dc7032a4d0187e6e51e/
/Experiment 3/data/fitting results/simple/fitting_4.mat	1795	/Experiment 3/data/fitting results/simple/fitting_4.mat	https://osf.io/download/5e3d9dc5032a4d0176e72341/
/Experiment 3/data/fitting results/simple/fitting_3.mat	1789	/Experiment 3/data/fitting results/simple/fitting_3.mat	https://osf.io/download/5e3d9dc5f1369e01af8aadf3/
/Experiment 3/data/fitting results/attention_extended/fitting_3_attend2.mat	3160	/Experiment 3/data/fitting results/attention_extended/fitting_3_attend2.mat	https://osf.io/download/5e3d9dd9f1369e01b38aac42/
/Experiment 3/data/fitting results/attention_extended/fitting_4_attend3.mat	3186	/Experiment 3/data/fitting results/attention_extended/fitting_4_attend3.mat	https://osf.io/download/5e3d9ddbf1369e01b38aac49/
/Experiment 3/data/fitting results/attention_extended/fitting_4_attend2.mat	3176	/Experiment 3/data/fitting results/attention_extended/fitting_4_attend2.mat	https://osf.io/download/5e3d9dd8032a4d0189e6e723/
/Experiment 3/data/fitting results/attention_extended/fitting_7_attend2.mat	3185	/Experiment 3/data/fitting results/attention_extended/fitting_7_attend2.mat	https://osf.io/download/5e3d9ddff1369e01ab8aad77/
/Experiment 3/data/fitting results/attention_extended/attention_3.mat	978	/Experiment 3/data/fitting results/attention_extended/attention_3.mat	https://osf.io/download/5e3d9dd5032a4d0176e72349/
/Experiment 3/data/fitting results/attention_extended/fitting_5_attend3.mat	3188	/Experiment 3/data/fitting results/attention_extended/fitting_5_attend3.mat	https://osf.io/download/5e3d9dddf1369e01af8aae1f/
/Experiment 3/data/fitting results/attention_extended/attention_2.mat	985	/Experiment 3/data/fitting results/attention_extended/attention_2.mat	https://osf.io/download/5e3d9dd4f1369e01a28ac5f3/
/Experiment 3/data/fitting results/attention_extended/fitting_3_attend3.mat	3184	/Experiment 3/data/fitting results/attention_extended/fitting_3_attend3.mat	https://osf.io/download/5e3d9dd8032a4d0185e6e4c5/
/Experiment 3/data/fitting results/attention_extended/fitting_5_attend2.mat	3169	/Experiment 3/data/fitting results/attention_extended/fitting_5_attend2.mat	https://osf.io/download/5e3d9dddf1369e01a68ab701/
/Experiment 3/data/fitting results/attention_extended/fitting_2_attend3.mat	3173	/Experiment 3/data/fitting results/attention_extended/fitting_2_attend3.mat	https://osf.io/download/5e3d9dd8f1369e01b18aaefc/
/Experiment 3/data/fitting results/attention_extended/fitting_1_attend2.mat	3078	/Experiment 3/data/fitting results/attention_extended/fitting_1_attend2.mat	https://osf.io/download/5e3d9dd5f1369e01ad8aadc6/
/Experiment 3/data/fitting results/attention_extended/fitting_2_attend2.mat	3142	/Experiment 3/data/fitting results/attention_extended/fitting_2_attend2.mat	https://osf.io/download/5e3d9dd7032a4d017ce7068e/
/Experiment 3/data/fitting results/attention_extended/fitting_6_attend3.mat	3191	/Experiment 3/data/fitting results/attention_extended/fitting_6_attend3.mat	https://osf.io/download/5e3d9dddf1369e01b38aac50/
/Experiment 3/data/fitting results/attention_extended/fitting_1_attend3.mat	3170	/Experiment 3/data/fitting results/attention_extended/fitting_1_attend3.mat	https://osf.io/download/5e3d9dd6032a4d0180e70288/
/Experiment 3/data/fitting results/attention_extended/fitting_6_attend2.mat	3181	/Experiment 3/data/fitting results/attention_extended/fitting_6_attend2.mat	https://osf.io/download/5e3d9dddf1369e01b18aaf08/
/Experiment 3/data/subject_responses/dataForModeling.mat	1901	/Experiment 3/data/subject_responses/dataForModeling.mat	https://osf.io/download/sdr43/
/Experiment 3/data/subject_responses/raw responses/sub7_3.mat	76072	/Experiment 3/data/subject_responses/raw responses/sub7_3.mat	https://osf.io/download/uwzre/
/Experiment 3/data/subject_responses/raw responses/sub3_3.mat	84181	/Experiment 3/data/subject_responses/raw responses/sub3_3.mat	https://osf.io/download/pcekb/
/Experiment 3/data/subject_responses/raw responses/sub5_3.mat	74241	/Experiment 3/data/subject_responses/raw responses/sub5_3.mat	https://osf.io/download/avbzg/
/Experiment 3/data/subject_responses/raw responses/sub4_3.mat	76625	/Experiment 3/data/subject_responses/raw responses/sub4_3.mat	https://osf.io/download/pt9hy/
/Experiment 3/data/subject_responses/raw responses/sub8_1.mat	85615	/Experiment 3/data/subject_responses/raw responses/sub8_1.mat	https://osf.io/download/yk5xr/
/Experiment 3/data/subject_responses/raw responses/sub2_1.mat	77555	/Experiment 3/data/subject_responses/raw responses/sub2_1.mat	https://osf.io/download/4qet5/
/Experiment 3/data/subject_responses/raw responses/sub4_1.mat	79469	/Experiment 3/data/subject_responses/raw responses/sub4_1.mat	https://osf.io/download/4eyku/
/Experiment 3/data/subject_responses/raw responses/sub9_2.mat	76430	/Experiment 3/data/subject_responses/raw responses/sub9_2.mat	https://osf.io/download/u4gdq/
/Experiment 3/data/subject_responses/raw responses/sub2_2.mat	81136	/Experiment 3/data/subject_responses/raw responses/sub2_2.mat	https://osf.io/download/mdzte/
/Experiment 3/data/subject_responses/raw responses/sub6_1.mat	79175	/Experiment 3/data/subject_responses/raw responses/sub6_1.mat	https://osf.io/download/zf3eq/
/Experiment 3/data/subject_responses/raw responses/sub6_3.mat	77437	/Experiment 3/data/subject_responses/raw responses/sub6_3.mat	https://osf.io/download/aynjt/
/Experiment 3/data/subject_responses/raw responses/sub10_1.mat	79484	/Experiment 3/data/subject_responses/raw responses/sub10_1.mat	https://osf.io/download/xmp3b/
/Experiment 3/data/subject_responses/raw responses/sub8_2.mat	76864	/Experiment 3/data/subject_responses/raw responses/sub8_2.mat	https://osf.io/download/zhb3a/
/Experiment 3/data/subject_responses/raw responses/sub3_2.mat	75596	/Experiment 3/data/subject_responses/raw responses/sub3_2.mat	https://osf.io/download/yprmj/
/Experiment 3/data/subject_responses/raw responses/sub7_1.mat	85955	/Experiment 3/data/subject_responses/raw responses/sub7_1.mat	https://osf.io/download/vg3ef/
/Experiment 3/data/subject_responses/raw responses/sub4_2.mat	84543	/Experiment 3/data/subject_responses/raw responses/sub4_2.mat	https://osf.io/download/9rs4d/
/Experiment 3/data/subject_responses/raw responses/sub5_2.mat	75250	/Experiment 3/data/subject_responses/raw responses/sub5_2.mat	https://osf.io/download/jhne6/
/Experiment 3/data/subject_responses/raw responses/sub1_3.mat	75215	/Experiment 3/data/subject_responses/raw responses/sub1_3.mat	https://osf.io/download/hdez4/
/Experiment 3/data/subject_responses/raw responses/sub1_1.mat	78466	/Experiment 3/data/subject_responses/raw responses/sub1_1.mat	https://osf.io/download/zas6p/
/Experiment 3/data/subject_responses/raw responses/sub10_2.mat	79557	/Experiment 3/data/subject_responses/raw responses/sub10_2.mat	https://osf.io/download/u4khp/
/Experiment 3/data/subject_responses/raw responses/sub3_1.mat	79224	/Experiment 3/data/subject_responses/raw responses/sub3_1.mat	https://osf.io/download/26ms4/
/Experiment 3/data/subject_responses/raw responses/sub9_3.mat	76154	/Experiment 3/data/subject_responses/raw responses/sub9_3.mat	https://osf.io/download/x5ae4/
/Experiment 3/data/subject_responses/raw responses/sub10_3.mat	77827	/Experiment 3/data/subject_responses/raw responses/sub10_3.mat	https://osf.io/download/q5mna/
/Experiment 3/data/subject_responses/raw responses/sub8_3.mat	76059	/Experiment 3/data/subject_responses/raw responses/sub8_3.mat	https://osf.io/download/jrw27/
/Experiment 3/data/subject_responses/raw responses/sub6_2.mat	80035	/Experiment 3/data/subject_responses/raw responses/sub6_2.mat	https://osf.io/download/exb2v/
/Experiment 3/data/subject_responses/raw responses/sub5_1.mat	78121	/Experiment 3/data/subject_responses/raw responses/sub5_1.mat	https://osf.io/download/b7kgv/
/Experiment 3/data/subject_responses/raw responses/sub2_3.mat	74977	/Experiment 3/data/subject_responses/raw responses/sub2_3.mat	https://osf.io/download/2zqkf/
/Experiment 3/data/subject_responses/raw responses/sub9_1.mat	80447	/Experiment 3/data/subject_responses/raw responses/sub9_1.mat	https://osf.io/download/kwn7g/
/Experiment 3/data/subject_responses/raw responses/sub1_2.mat	83029	/Experiment 3/data/subject_responses/raw responses/sub1_2.mat	https://osf.io/download/wkf3u/
/Experiment 3/data/subject_responses/raw responses/sub7_2.mat	77496	/Experiment 3/data/subject_responses/raw responses/sub7_2.mat	https://osf.io/download/mjyw5/
/Experiment 3/codes/analysis/organize behavioral responses/behavioral_responses_cleanup.m	2107	/Experiment 3/codes/analysis/organize behavioral responses/behavioral_responses_cleanup.m	https://osf.io/download/5e3d9d5c032a4d0176e72310/
/Experiment 3/codes/analysis/print results/Run_Code.m	6717	/Experiment 3/codes/analysis/print results/Run_Code.m	https://osf.io/download/pduvn/
/Experiment 3/codes/analysis/print results/AICanalysis.m	754	/Experiment 3/codes/analysis/print results/AICanalysis.m	https://osf.io/download/5e3d9d57032a4d0187e6e47e/
/Experiment 3/codes/analysis/fitting_simple/step3_test_fitting.m	6527	/Experiment 3/codes/analysis/fitting_simple/step3_test_fitting.m	https://osf.io/download/5e3d9d67032a4d0189e6e5fc/
/Experiment 3/codes/analysis/fitting_simple/step2_additional_parameters_fitting.m	1822	/Experiment 3/codes/analysis/fitting_simple/step2_additional_parameters_fitting.m	https://osf.io/download/5e3d9d66032a4d0189e6e5f7/
/Experiment 3/codes/analysis/fitting_simple/step1_initial_parameters_fitting.m	1545	/Experiment 3/codes/analysis/fitting_simple/step1_initial_parameters_fitting.m	https://osf.io/download/f83kb/
/Experiment 3/codes/analysis/fitting_simple/newsol.m	353	/Experiment 3/codes/analysis/fitting_simple/newsol.m	https://osf.io/download/5e3d9d62f1369e01ab8aad10/
/Experiment 3/codes/analysis/fitting_simple/anneal.m	8158	/Experiment 3/codes/analysis/fitting_simple/anneal.m	https://osf.io/download/v6nuq/
/Experiment 3/codes/analysis/fitting_simple/logL_func_simple.m	1416	/Experiment 3/codes/analysis/fitting_simple/logL_func_simple.m	https://osf.io/download/nbd8r/
/Experiment 3/codes/analysis/fitting_simple/fitOneSub_simple.m	802	/Experiment 3/codes/analysis/fitting_simple/fitOneSub_simple.m	https://osf.io/download/s5qhc/
/Experiment 3/codes/analysis/fitting_extended/anneal.m	8158	/Experiment 3/codes/analysis/fitting_extended/anneal.m	https://osf.io/download/5e3d9d67032a4d0185e6e45e/
/Experiment 3/codes/analysis/fitting_extended/step1_initial_parameter_fitting.m	1551	/Experiment 3/codes/analysis/fitting_extended/step1_initial_parameter_fitting.m	https://osf.io/download/5e3d9d6b032a4d0180e7024c/
/Experiment 3/codes/analysis/fitting_extended/newsol.m	353	/Experiment 3/codes/analysis/fitting_extended/newsol.m	https://osf.io/download/3fth6/
/Experiment 3/codes/analysis/fitting_extended/step3_test_fitting.m	5945	/Experiment 3/codes/analysis/fitting_extended/step3_test_fitting.m	https://osf.io/download/5e3d9d6df1369e019d8ad2f1/
/Experiment 3/codes/analysis/fitting_extended/fitOneSub_extended.m	786	/Experiment 3/codes/analysis/fitting_extended/fitOneSub_extended.m	https://osf.io/download/c7gwr/
/Experiment 3/codes/analysis/fitting_extended/step2_additional_parameter_fitting.m	1828	/Experiment 3/codes/analysis/fitting_extended/step2_additional_parameter_fitting.m	https://osf.io/download/5e3d9d6b032a4d0189e6e60b/
/Experiment 3/codes/analysis/fitting_extended/logL_func_extended.m	1438	/Experiment 3/codes/analysis/fitting_extended/logL_func_extended.m	https://osf.io/download/5e3d9d67032a4d0187e6e492/
/Experiment 3/codes/analysis/fitting_attention_extended/newsol.m	353	/Experiment 3/codes/analysis/fitting_attention_extended/newsol.m	https://osf.io/download/5e3d9d6ff1369e01b18aae5f/
/Experiment 3/codes/analysis/fitting_attention_extended/anneal.m	8158	/Experiment 3/codes/analysis/fitting_attention_extended/anneal.m	https://osf.io/download/5e3d9d6af1369e01b18aae50/
/Experiment 3/codes/analysis/fitting_attention_extended/fitOneSub_attention.m	788	/Experiment 3/codes/analysis/fitting_attention_extended/fitOneSub_attention.m	https://osf.io/download/5e3d9d6df1369e019d8ad2f5/
/Experiment 3/codes/analysis/fitting_attention_extended/step1_initial_parameter_fitting.m	1833	/Experiment 3/codes/analysis/fitting_attention_extended/step1_initial_parameter_fitting.m	https://osf.io/download/5e3d9d6ef1369e01ab8aad22/
/Experiment 3/codes/analysis/fitting_attention_extended/step2_additional_parameter_fitting.m	2444	/Experiment 3/codes/analysis/fitting_attention_extended/step2_additional_parameter_fitting.m	https://osf.io/download/5e3d9d71f1369e01af8aad86/
/Experiment 3/codes/analysis/fitting_attention_extended/step3_test_fitting.m	6586	/Experiment 3/codes/analysis/fitting_attention_extended/step3_test_fitting.m	https://osf.io/download/5e3d9d74f1369e01af8aad8c/
/Experiment 3/codes/analysis/fitting_attention_extended/logL_func_attention.m	1888	/Experiment 3/codes/analysis/fitting_attention_extended/logL_func_attention.m	https://osf.io/download/5e3d9d6ff1369e01a28ac5bb/
/Experiment 4/data/subject_responses/raw responses/sub4_2.mat	54366	/Experiment 4/data/subject_responses/raw responses/sub4_2.mat	https://osf.io/download/uqg6j/
/Experiment 4/data/subject_responses/raw responses/sub4_3.mat	54144	/Experiment 4/data/subject_responses/raw responses/sub4_3.mat	https://osf.io/download/8fjsy/
/Experiment 4/data/subject_responses/raw responses/sub3_1.mat	54244	/Experiment 4/data/subject_responses/raw responses/sub3_1.mat	https://osf.io/download/xgd7b/
/Experiment 4/data/subject_responses/raw responses/sub9_1.mat	58021	/Experiment 4/data/subject_responses/raw responses/sub9_1.mat	https://osf.io/download/3kw8c/
/Experiment 4/data/subject_responses/raw responses/sub5_3.mat	53736	/Experiment 4/data/subject_responses/raw responses/sub5_3.mat	https://osf.io/download/zw7my/
/Experiment 4/data/subject_responses/raw responses/sub2_1.mat	54098	/Experiment 4/data/subject_responses/raw responses/sub2_1.mat	https://osf.io/download/cwq7z/
/Experiment 4/data/subject_responses/raw responses/sub4_1.mat	53181	/Experiment 4/data/subject_responses/raw responses/sub4_1.mat	https://osf.io/download/jfxbp/
/Experiment 4/data/subject_responses/raw responses/sub8_2.mat	55866	/Experiment 4/data/subject_responses/raw responses/sub8_2.mat	https://osf.io/download/zwqu2/
/Experiment 4/data/subject_responses/raw responses/sub10_1.mat	54187	/Experiment 4/data/subject_responses/raw responses/sub10_1.mat	https://osf.io/download/stpv3/
/Experiment 4/data/subject_responses/raw responses/sub7_1.mat	53811	/Experiment 4/data/subject_responses/raw responses/sub7_1.mat	https://osf.io/download/gd8re/
/Experiment 4/data/subject_responses/raw responses/sub10_2.mat	54050	/Experiment 4/data/subject_responses/raw responses/sub10_2.mat	https://osf.io/download/ubndh/
/Experiment 4/data/subject_responses/raw responses/sub2_2.mat	50692	/Experiment 4/data/subject_responses/raw responses/sub2_2.mat	https://osf.io/download/vaysc/
/Experiment 4/data/subject_responses/raw responses/sub8_1.mat	57887	/Experiment 4/data/subject_responses/raw responses/sub8_1.mat	https://osf.io/download/3uepc/
/Experiment 4/data/subject_responses/raw responses/sub9_3.mat	54025	/Experiment 4/data/subject_responses/raw responses/sub9_3.mat	https://osf.io/download/tfjen/
/Experiment 4/data/subject_responses/raw responses/sub7_3.mat	56966	/Experiment 4/data/subject_responses/raw responses/sub7_3.mat	https://osf.io/download/8f9qy/
/Experiment 4/data/subject_responses/raw responses/sub9_2.mat	54452	/Experiment 4/data/subject_responses/raw responses/sub9_2.mat	https://osf.io/download/zy3w7/
/Experiment 4/data/subject_responses/raw responses/sub10_3.mat	57235	/Experiment 4/data/subject_responses/raw responses/sub10_3.mat	https://osf.io/download/rvpq9/
/Experiment 4/data/subject_responses/raw responses/sub5_1.mat	53265	/Experiment 4/data/subject_responses/raw responses/sub5_1.mat	https://osf.io/download/6yn29/
/Experiment 4/data/subject_responses/raw responses/sub11_3.mat	57479	/Experiment 4/data/subject_responses/raw responses/sub11_3.mat	https://osf.io/download/mp4yz/
/Experiment 4/data/subject_responses/raw responses/sub1_3.mat	50684	/Experiment 4/data/subject_responses/raw responses/sub1_3.mat	https://osf.io/download/s5zxq/
/Experiment 4/data/subject_responses/raw responses/sub7_2.mat	54864	/Experiment 4/data/subject_responses/raw responses/sub7_2.mat	https://osf.io/download/xspmq/
/Experiment 4/data/subject_responses/raw responses/sub6_2.mat	53916	/Experiment 4/data/subject_responses/raw responses/sub6_2.mat	https://osf.io/download/m2heu/
/Experiment 4/data/subject_responses/raw responses/sub3_3.mat	50176	/Experiment 4/data/subject_responses/raw responses/sub3_3.mat	https://osf.io/download/3rvbh/
/Experiment 4/data/subject_responses/raw responses/sub5_2.mat	53754	/Experiment 4/data/subject_responses/raw responses/sub5_2.mat	https://osf.io/download/f3dct/
/Experiment 4/data/subject_responses/raw responses/sub2_3.mat	53183	/Experiment 4/data/subject_responses/raw responses/sub2_3.mat	https://osf.io/download/fh63c/
/Experiment 4/data/subject_responses/raw responses/sub8_3.mat	54896	/Experiment 4/data/subject_responses/raw responses/sub8_3.mat	https://osf.io/download/npkev/
/Experiment 4/data/subject_responses/raw responses/sub11_2.mat	54776	/Experiment 4/data/subject_responses/raw responses/sub11_2.mat	https://osf.io/download/53b2y/
/Experiment 4/data/subject_responses/raw responses/sub1_2.mat	53477	/Experiment 4/data/subject_responses/raw responses/sub1_2.mat	https://osf.io/download/e7tjq/
/Experiment 4/data/subject_responses/raw responses/sub6_1.mat	53760	/Experiment 4/data/subject_responses/raw responses/sub6_1.mat	https://osf.io/download/6aepz/
/Experiment 4/data/subject_responses/raw responses/sub1_1.mat	53952	/Experiment 4/data/subject_responses/raw responses/sub1_1.mat	https://osf.io/download/fzh4k/
/Experiment 4/data/subject_responses/raw responses/sub11_1.mat	55874	/Experiment 4/data/subject_responses/raw responses/sub11_1.mat	https://osf.io/download/evp5q/
/Experiment 4/data/subject_responses/raw responses/sub6_3.mat	50347	/Experiment 4/data/subject_responses/raw responses/sub6_3.mat	https://osf.io/download/7gktm/
/Experiment 4/data/subject_responses/raw responses/sub3_2.mat	53985	/Experiment 4/data/subject_responses/raw responses/sub3_2.mat	https://osf.io/download/78a6y/
/Experiment 4/data/subject_responses/dataForModeling.mat	231008	/Experiment 4/data/subject_responses/dataForModeling.mat	https://osf.io/download/dc7m3/
/Experiment 4/data/fitting results/fitting_3.mat	929	/Experiment 4/data/fitting results/fitting_3.mat	https://osf.io/download/yuj64/
/Experiment 4/data/fitting results/fitting_6.mat	930	/Experiment 4/data/fitting results/fitting_6.mat	https://osf.io/download/c3bp8/
/Experiment 4/data/fitting results/fitting_4.mat	930	/Experiment 4/data/fitting results/fitting_4.mat	https://osf.io/download/r3umv/
/Experiment 4/data/fitting results/fitting_2.mat	931	/Experiment 4/data/fitting results/fitting_2.mat	https://osf.io/download/un46c/
/Experiment 4/data/fitting results/fitting_1.mat	929	/Experiment 4/data/fitting results/fitting_1.mat	https://osf.io/download/fbxj4/
/Experiment 4/data/fitting results/population.mat	966	/Experiment 4/data/fitting results/population.mat	https://osf.io/download/kb8xe/
/Experiment 4/data/fitting results/summary.mat	948	/Experiment 4/data/fitting results/summary.mat	https://osf.io/download/mjeys/
/Experiment 4/data/fitting results/fitting_5.mat	929	/Experiment 4/data/fitting results/fitting_5.mat	https://osf.io/download/xyf3u/
/Experiment 4/codes/analysis/fitting/step3_test_fitting.m	4341	/Experiment 4/codes/analysis/fitting/step3_test_fitting.m	https://osf.io/download/rds7q/
/Experiment 4/codes/analysis/fitting/logL_func.m	1096	/Experiment 4/codes/analysis/fitting/logL_func.m	https://osf.io/download/ud456/
/Experiment 4/codes/analysis/fitting/anneal.m	8158	/Experiment 4/codes/analysis/fitting/anneal.m	https://osf.io/download/nhmyt/
/Experiment 4/codes/analysis/fitting/step2_fittingParams_additional.m	1567	/Experiment 4/codes/analysis/fitting/step2_fittingParams_additional.m	https://osf.io/download/sxkha/
/Experiment 4/codes/analysis/fitting/newsol.m	410	/Experiment 4/codes/analysis/fitting/newsol.m	https://osf.io/download/f7dau/
/Experiment 4/codes/analysis/fitting/fitOneSub.m	740	/Experiment 4/codes/analysis/fitting/fitOneSub.m	https://osf.io/download/s273f/
/Experiment 4/codes/analysis/fitting/step1_fittingParams.m	1360	/Experiment 4/codes/analysis/fitting/step1_fittingParams.m	https://osf.io/download/2fhpw/
/Experiment 4/codes/analysis/organize behavioral responses/behavioral_response_cleanup.m	3148	/Experiment 4/codes/analysis/organize behavioral responses/behavioral_response_cleanup.m	https://osf.io/download/urkbz/
/Experiment 4/codes/analysis/print results/AICanalysis.m	754	/Experiment 4/codes/analysis/print results/AICanalysis.m	https://osf.io/download/eqyxc/
/Experiment 4/codes/analysis/print results/Run_code.m	2521	/Experiment 4/codes/analysis/print results/Run_code.m	https://osf.io/download/kpna2/
