key,family,regime,n,ref,t,true_resid_l1,method,tr_var,tr_var_raw,vrf,agreement,sqdiff,beta1,beta2,anchor_seconds
dense_diffuse_n50_s0,dense,diffuse,50,lowrank4,0,0.03185841603461269,raw,0.9697904,0.9697904,1.0,nan,nan,,,3.6975936889648438
dense_diffuse_n50_s0,dense,diffuse,50,lowrank4,0,0.03185841603461269,fixed,0.7352552600000004,0.9697904,1.3189846475902798,0.63235,0.7353,,,3.6975936889648438
dense_diffuse_n50_s0,dense,diffuse,50,lowrank4,0,0.03185841603461269,stale,0.7352552599999973,0.9697904,1.3189846475902853,0.63235,0.7353,,,3.6975936889648438
dense_diffuse_n50_s0,dense,diffuse,50,lowrank4,0,0.03185841603461269,local,0.7594121800000028,0.9697904,1.2770277137245765,0.6198,0.7604,,,3.6975936889648438
dense_diffuse_n50_s0,dense,diffuse,50,lowrank4,0,0.03185841603461269,rb,0.6868097805471333,0.9697904,1.4120218253552475,nan,nan,,,3.6975936889648438
dense_diffuse_n50_s0,dense,diffuse,50,lowrank4,0,0.03185841603461269,rb_fixed,0.3731442277871453,0.9697904,2.598969320123593,nan,0.3731674733823891,,,3.6975936889648438
dense_diffuse_n50_s0,dense,diffuse,50,lowrank4,0,0.03185841603461269,rb_stale,0.37314422778715084,0.9697904,2.598969320123554,nan,0.3731674733823891,,,3.6975936889648438
dense_diffuse_n50_s0,dense,diffuse,50,lowrank4,0,0.03185841603461269,rb_local,0.39253346117774396,0.9697904,2.470592945351141,nan,0.3934436611835647,,,3.6975936889648438
dense_diffuse_n50_s0,dense,diffuse,50,lowrank4,0,0.03185841603461269,combined,0.5792868224632926,0.9697904,1.674110928117051,0.63235,0.7353,0.3877906195568894,0.2653526580826695,3.6975936889648438
dense_diffuse_n50_s0,dense,diffuse,50,lowrank4,0,0.03185841603461269,rb_combined,0.31873287825491703,0.9697904,3.042643122697805,nan,0.3731674733823891,0.5163919779878279,0.21763375031923382,3.6975936889648438
dense_diffuse_n50_s0,dense,diffuse,50,lowrank4,0.05,0.08168085195591925,raw,0.9709011299999999,0.9709011299999999,1.0,nan,nan,,,3.5484988689422607
dense_diffuse_n50_s0,dense,diffuse,50,lowrank4,0.05,0.08168085195591925,fixed,0.7436077249999993,0.9709011299999999,1.3056630496946502,0.628,0.744,,,3.5484988689422607
dense_diffuse_n50_s0,dense,diffuse,50,lowrank4,0.05,0.08168085195591925,stale,0.7375589600000045,0.9709011299999999,1.3163708702013381,0.6312,0.7376,,,3.5484988689422607
dense_diffuse_n50_s0,dense,diffuse,50,lowrank4,0.05,0.08168085195591925,local,0.7681341100000018,0.9709011299999999,1.2639734616133602,0.6154,0.7692,,,3.5484988689422607
dense_diffuse_n50_s0,dense,diffuse,50,lowrank4,0.05,0.08168085195591925,rb,0.6826164389228893,0.9709011299999999,1.4223231007035215,nan,nan,,,3.5484988689422607
dense_diffuse_n50_s0,dense,diffuse,50,lowrank4,0.05,0.08168085195591925,rb_fixed,0.3758633906410642,0.9709011299999999,2.583122363537594,nan,0.3761430852824338,,,3.5484988689422607
dense_diffuse_n50_s0,dense,diffuse,50,lowrank4,0.05,0.08168085195591925,rb_stale,0.37116216927367385,0.9709011299999999,2.6158407574240483,nan,0.3711836566932818,,,3.5484988689422607
dense_diffuse_n50_s0,dense,diffuse,50,lowrank4,0.05,0.08168085195591925,rb_local,0.39141395277554447,0.9709011299999999,2.4804969856472163,nan,0.39240883822138223,,,3.5484988689422607
dense_diffuse_n50_s0,dense,diffuse,50,lowrank4,0.05,0.08168085195591925,combined,0.5794240144850769,0.9709011299999999,1.6756314990893522,0.628,0.744,0.35082805985247373,0.3152976993193004,3.5484988689422607
dense_diffuse_n50_s0,dense,diffuse,50,lowrank4,0.05,0.08168085195591925,rb_combined,0.3163064032928755,0.9709011299999999,3.0694956532417073,nan,0.3761430852824338,0.4432590329870615,0.2933548429018268,3.5484988689422607
dense_diffuse_n50_s0,dense,diffuse,50,lowrank4,0.1,0.1595161632900933,raw,0.9714608,0.9714608,1.0,nan,nan,,,3.595020055770874
dense_diffuse_n50_s0,dense,diffuse,50,lowrank4,0.1,0.1595161632900933,fixed,0.7641833549999988,0.9714608,1.271240460347375,0.61725,0.7655,,,3.595020055770874
dense_diffuse_n50_s0,dense,diffuse,50,lowrank4,0.1,0.1595161632900933,stale,0.7414636899999988,0.9714608,1.3101933555235883,0.62925,0.7415,,,3.595020055770874
dense_diffuse_n50_s0,dense,diffuse,50,lowrank4,0.1,0.1595161632900933,local,0.77050655,0.9714608,1.2608079710678644,0.6142,0.7716,,,3.595020055770874
dense_diffuse_n50_s0,dense,diffuse,50,lowrank4,0.1,0.1595161632900933,rb,0.6783579233509431,0.9714608,1.4320770297797825,nan,nan,,,3.595020055770874
dense_diffuse_n50_s0,dense,diffuse,50,lowrank4,0.1,0.1595161632900933,rb_fixed,0.3875033956266255,0.9714608,2.506973644525273,nan,0.38865276863631226,,,3.595020055770874
dense_diffuse_n50_s0,dense,diffuse,50,lowrank4,0.1,0.1595161632900933,rb_stale,0.3678191547295868,0.9714608,2.641137057460203,nan,0.3678412935654522,,,3.595020055770874
dense_diffuse_n50_s0,dense,diffuse,50,lowrank4,0.1,0.1595161632900933,rb_local,0.388848399956509,0.9714608,2.498302166367802,nan,0.38986219195021377,,,3.595020055770874
dense_diffuse_n50_s0,dense,diffuse,50,lowrank4,0.1,0.1595161632900933,combined,0.5792278744923035,0.9714608,1.6771651413556208,0.61725,0.7655,0.32776875789620347,0.3465147189667293,3.595020055770874
dense_diffuse_n50_s0,dense,diffuse,50,lowrank4,0.1,0.1595161632900933,rb_combined,0.3149391820925027,0.9714608,3.0845980914329876,nan,0.38865276863631226,0.36201495716656773,0.3791588271595491,3.595020055770874
dense_diffuse_n50_s0,dense,diffuse,50,lowrank4,0.2,0.3206289494080769,raw,0.9708630000000001,0.9708630000000001,1.0,nan,nan,,,3.5576059818267822
dense_diffuse_n50_s0,dense,diffuse,50,lowrank4,0.2,0.3206289494080769,fixed,0.8367809099999988,0.9708630000000001,1.1602355985869726,0.57915,0.8417,,,3.5576059818267822
dense_diffuse_n50_s0,dense,diffuse,50,lowrank4,0.2,0.3206289494080769,stale,0.7352662350000007,0.9708630000000001,1.3204237509968064,0.63235,0.7353,,,3.5576059818267822
dense_diffuse_n50_s0,dense,diffuse,50,lowrank4,0.2,0.3206289494080769,local,0.7698594700000008,0.9708630000000001,1.2610911962932654,0.6146,0.7708,,,3.5576059818267822
dense_diffuse_n50_s0,dense,diffuse,50,lowrank4,0.2,0.3206289494080769,rb,0.6690643151540121,0.9708630000000001,1.4510757456501278,nan,nan,,,3.5576059818267822
dense_diffuse_n50_s0,dense,diffuse,50,lowrank4,0.2,0.3206289494080769,rb_fixed,0.43132482601808414,0.9708630000000001,2.2508859713984903,nan,0.4359946527545793,,,3.5576059818267822
dense_diffuse_n50_s0,dense,diffuse,50,lowrank4,0.2,0.3206289494080769,rb_stale,0.35863446892887946,0.9708630000000001,2.707110119391595,nan,0.358666445095938,,,3.5576059818267822
dense_diffuse_n50_s0,dense,diffuse,50,lowrank4,0.2,0.3206289494080769,rb_local,0.3781240629056694,0.9708630000000001,2.5675779333890243,nan,0.3790460850594375,,,3.5576059818267822
dense_diffuse_n50_s0,dense,diffuse,50,lowrank4,0.2,0.3206289494080769,combined,0.582313186510816,0.9708630000000001,1.6672523008062898,0.57915,0.8417,0.2517009253993248,0.43343473639120983,3.5576059818267822
dense_diffuse_n50_s0,dense,diffuse,50,lowrank4,0.2,0.3206289494080769,rb_combined,0.3100401903422362,0.9708630000000001,3.1314101534008167,nan,0.4359946527545793,0.2404278494981447,0.5138474121504596,3.5576059818267822
dense_diffuse_n50_s0,dense,diffuse,50,lowrank4,0.4,0.6485685721216196,raw,0.96071161,0.96071161,1.0,nan,nan,,,3.5719048976898193
dense_diffuse_n50_s0,dense,diffuse,50,lowrank4,0.4,0.6485685721216196,fixed,1.0360936550000013,0.96071161,0.9272439854870058,0.4712,1.0576,,,3.5719048976898193
dense_diffuse_n50_s0,dense,diffuse,50,lowrank4,0.4,0.6485685721216196,stale,0.712502590000004,0.96071161,1.3483622705146863,0.6437,0.7126,,,3.5719048976898193
dense_diffuse_n50_s0,dense,diffuse,50,lowrank4,0.4,0.6485685721216196,local,0.7395536750000045,0.96071161,1.2990424393469402,0.6297,0.7406,,,3.5719048976898193
dense_diffuse_n50_s0,dense,diffuse,50,lowrank4,0.4,0.6485685721216196,rb,0.6468674755406872,0.96071161,1.4851753200251485,nan,nan,,,3.5719048976898193
dense_diffuse_n50_s0,dense,diffuse,50,lowrank4,0.4,0.6485685721216196,rb_fixed,0.5712060640373594,0.96071161,1.68190022915647,nan,0.5921779192830962,,,3.5719048976898193
dense_diffuse_n50_s0,dense,diffuse,50,lowrank4,0.4,0.6485685721216196,rb_stale,0.3275536546103691,0.96071161,2.932990050569833,nan,0.32764784574136413,,,3.5719048976898193
dense_diffuse_n50_s0,dense,diffuse,50,lowrank4,0.4,0.6485685721216196,rb_local,0.3458136115577225,0.96071161,2.7781197092632084,nan,0.3468163152893238,,,3.5719048976898193
dense_diffuse_n50_s0,dense,diffuse,50,lowrank4,0.4,0.6485685721216196,combined,0.5766969437419397,0.96071161,1.6658864251409995,0.4712,1.0576,0.17964281629097276,0.5234303411501603,3.5719048976898193
dense_diffuse_n50_s0,dense,diffuse,50,lowrank4,0.4,0.6485685721216196,rb_combined,0.29167050229316277,0.96071161,3.2938250609736777,nan,0.5921779192830962,0.1425576913131185,0.6325619508336148,3.5719048976898193
dense_diffuse_n50_s0,dense,diffuse,50,lowrank4,0.8,1.2080050831700213,raw,0.87113032,0.87113032,1.0,nan,nan,,,5.109328031539917
dense_diffuse_n50_s0,dense,diffuse,50,lowrank4,0.8,1.2080050831700213,fixed,1.3566153550000009,0.87113032,0.6421350877308915,0.2603,1.4794,,,5.109328031539917
dense_diffuse_n50_s0,dense,diffuse,50,lowrank4,0.8,1.2080050831700213,stale,0.5790010800000064,0.87113032,1.5045400606161052,0.71035,0.5793,,,5.109328031539917
dense_diffuse_n50_s0,dense,diffuse,50,lowrank4,0.8,1.2080050831700213,local,0.5909397350000059,0.87113032,1.4741440935597119,0.70425,0.5915,,,5.109328031539917
dense_diffuse_n50_s0,dense,diffuse,50,lowrank4,0.8,1.2080050831700213,rb,0.569603150191649,0.87113032,1.529363592365841,nan,nan,,,5.109328031539917
dense_diffuse_n50_s0,dense,diffuse,50,lowrank4,0.8,1.2080050831700213,rb_fixed,0.8422765394798211,0.87113032,1.0342568968358048,nan,0.9664138474299195,,,5.109328031539917
dense_diffuse_n50_s0,dense,diffuse,50,lowrank4,0.8,1.2080050831700213,rb_stale,0.24964482992323273,0.87113032,3.489478713690477,nan,0.24986808831571874,,,5.109328031539917
dense_diffuse_n50_s0,dense,diffuse,50,lowrank4,0.8,1.2080050831700213,rb_local,0.2565740782753384,0.87113032,3.395239011889425,nan,0.2570819357973975,,,5.109328031539917
dense_diffuse_n50_s0,dense,diffuse,50,lowrank4,0.8,1.2080050831700213,combined,0.48723356939738893,0.87113032,1.7879111266438703,0.2603,1.4794,0.06058996195476976,0.6561376379168258,5.109328031539917
dense_diffuse_n50_s0,dense,diffuse,50,lowrank4,0.8,1.2080050831700213,rb_combined,0.22652177840725654,0.87113032,3.845680208433741,nan,0.9664138474299195,0.036158521593538225,0.7582988057243981,5.109328031539917
dense_diffuse_n50_s0,dense,diffuse,50,lowrank4,1.6,1.8005749727145897,raw,0.46614466499999996,0.46614466499999996,1.0,nan,nan,,,14.705482006072998
dense_diffuse_n50_s0,dense,diffuse,50,lowrank4,1.6,1.8005749727145897,fixed,1.328314080000002,0.46614466499999996,0.35092955199270287,0.06535,1.8693,,,14.705482006072998
dense_diffuse_n50_s0,dense,diffuse,50,lowrank4,1.6,1.8005749727145897,stale,0.25798121999996126,0.46614466499999996,1.8068937925019113,0.87095,0.2581,,,14.705482006072998
dense_diffuse_n50_s0,dense,diffuse,50,lowrank4,1.6,1.8005749727145897,local,0.2616602700000448,0.46614466499999996,1.7814881296267107,0.869,0.262,,,14.705482006072998
dense_diffuse_n50_s0,dense,diffuse,50,lowrank4,1.6,1.8005749727145897,rb,0.30417163625218857,0.46614466499999996,1.5325053668499176,nan,nan,,,14.705482006072998
dense_diffuse_n50_s0,dense,diffuse,50,lowrank4,1.6,1.8005749727145897,rb_fixed,0.9041886746813953,0.46614466499999996,0.515539154661778,nan,1.449424580561043,,,14.705482006072998
dense_diffuse_n50_s0,dense,diffuse,50,lowrank4,1.6,1.8005749727145897,rb_stale,0.11019539033110792,0.46614466499999996,4.230164833568436,nan,0.11027027376788501,,,14.705482006072998
dense_diffuse_n50_s0,dense,diffuse,50,lowrank4,1.6,1.8005749727145897,rb_local,0.11330225459751556,0.46614466499999996,4.114169366319224,nan,0.11359247727873047,,,14.705482006072998
dense_diffuse_n50_s0,dense,diffuse,50,lowrank4,1.6,1.8005749727145897,combined,0.22508752529620002,0.46614466499999996,2.0709484649874974,0.06535,1.8693,0.018869030910008352,0.7290170076588541,14.705482006072998
dense_diffuse_n50_s0,dense,diffuse,50,lowrank4,1.6,1.8005749727145897,rb_combined,0.10335923947996964,0.46614466499999996,4.509946738630327,nan,1.449424580561043,0.01218381995341574,0.80308933840101,14.705482006072998
dense_moderate_n50_s0,dense,moderate,50,lowrank4,0,0.022734218452143337,raw,0.71405807,0.71405807,1.0,nan,nan,,,5.212380886077881
dense_moderate_n50_s0,dense,moderate,50,lowrank4,0,0.022734218452143337,fixed,0.4578786349999884,0.71405807,1.559492003814544,0.77105,0.4579,,,5.212380886077881
dense_moderate_n50_s0,dense,moderate,50,lowrank4,0,0.022734218452143337,stale,0.45787863500003856,0.71405807,1.559492003814373,0.77105,0.4579,,,5.212380886077881
dense_moderate_n50_s0,dense,moderate,50,lowrank4,0,0.022734218452143337,local,0.4920353599999914,0.71405807,1.4512332406354138,0.7533,0.4934,,,5.212380886077881
dense_moderate_n50_s0,dense,moderate,50,lowrank4,0,0.022734218452143337,rb,0.5242911384140091,0.71405807,1.3619495308656933,nan,nan,,,5.212380886077881
dense_moderate_n50_s0,dense,moderate,50,lowrank4,0,0.022734218452143337,rb_fixed,0.22517511527993278,0.71405807,3.171123368194121,nan,0.22520858603784177,,,5.212380886077881
dense_moderate_n50_s0,dense,moderate,50,lowrank4,0,0.022734218452143337,rb_stale,0.22517511527994846,0.71405807,3.1711233681939004,nan,0.22520858603784177,,,5.212380886077881
dense_moderate_n50_s0,dense,moderate,50,lowrank4,0,0.022734218452143337,rb_local,0.2440378814375684,0.71405807,2.9260132311985982,nan,0.24547164036661603,,,5.212380886077881
dense_moderate_n50_s0,dense,moderate,50,lowrank4,0,0.022734218452143337,combined,0.37296551392486854,0.71405807,1.9145418097391234,0.77105,0.4579,0.44588296564588664,0.2497708118904259,5.212380886077881
dense_moderate_n50_s0,dense,moderate,50,lowrank4,0,0.022734218452143337,rb_combined,0.19817749743373023,0.71405807,3.6031238624293267,nan,0.22520858603784177,0.5466246376996186,0.24114903561191817,5.212380886077881
dense_moderate_n50_s0,dense,moderate,50,lowrank4,0.05,0.05700368711284564,raw,0.72218694,0.72218694,1.0,nan,nan,,,5.002896785736084
dense_moderate_n50_s0,dense,moderate,50,lowrank4,0.05,0.05700368711284564,fixed,0.466297874999988,0.72218694,1.548767383938901,0.7667,0.4666,,,5.002896785736084
dense_moderate_n50_s0,dense,moderate,50,lowrank4,0.05,0.05700368711284564,stale,0.46847641000001383,0.72218694,1.5415652199007817,0.76575,0.4685,,,5.002896785736084
dense_moderate_n50_s0,dense,moderate,50,lowrank4,0.05,0.05700368711284564,local,0.4980673499999914,0.72218694,1.4499784818258263,0.75035,0.4993,,,5.002896785736084
dense_moderate_n50_s0,dense,moderate,50,lowrank4,0.05,0.05700368711284564,rb,0.5324945537344017,0.72218694,1.3562334768220248,nan,nan,,,5.002896785736084
dense_moderate_n50_s0,dense,moderate,50,lowrank4,0.05,0.05700368711284564,rb_fixed,0.23097617269623844,0.72218694,3.126672901233683,nan,0.23129173044432322,,,5.002896785736084
dense_moderate_n50_s0,dense,moderate,50,lowrank4,0.05,0.05700368711284564,rb_stale,0.23179314022342168,0.72218694,3.1156527725708174,nan,0.2318263567062837,,,5.002896785736084
dense_moderate_n50_s0,dense,moderate,50,lowrank4,0.05,0.05700368711284564,rb_local,0.25166566268401136,0.72218694,2.869628428041731,nan,0.2530490698213355,,,5.002896785736084
dense_moderate_n50_s0,dense,moderate,50,lowrank4,0.05,0.05700368711284564,combined,0.3751049337321972,0.72218694,1.925293098159031,0.7667,0.4666,0.4105061498861908,0.3043832286271232,5.002896785736084
dense_moderate_n50_s0,dense,moderate,50,lowrank4,0.05,0.05700368711284564,rb_combined,0.20177176759157542,0.72218694,3.5792269088004636,nan,0.23129173044432322,0.49673366192772134,0.30024076098025204,5.002896785736084
dense_moderate_n50_s0,dense,moderate,50,lowrank4,0.1,0.10205699796707014,raw,0.73138557,0.73138557,1.0,nan,nan,,,5.054039001464844
dense_moderate_n50_s0,dense,moderate,50,lowrank4,0.1,0.10205699796707014,fixed,0.4779721199999879,0.73138557,1.530184584824777,0.7605,0.479,,,5.054039001464844
dense_moderate_n50_s0,dense,moderate,50,lowrank4,0.1,0.10205699796707014,stale,0.47136059999999225,0.73138557,1.5516476557438448,0.7643,0.4714,,,5.054039001464844
dense_moderate_n50_s0,dense,moderate,50,lowrank4,0.1,0.10205699796707014,local,0.5033061399999899,0.73138557,1.4531624231725342,0.7478,0.5044,,,5.054039001464844
dense_moderate_n50_s0,dense,moderate,50,lowrank4,0.1,0.10205699796707014,rb,0.5413999109707145,0.73138557,1.3509155712431624,nan,nan,,,5.054039001464844
dense_moderate_n50_s0,dense,moderate,50,lowrank4,0.1,0.10205699796707014,rb_fixed,0.2423837924014578,0.73138557,3.0174689600887734,nan,0.24341431121497595,,,5.054039001464844
dense_moderate_n50_s0,dense,moderate,50,lowrank4,0.1,0.10205699796707014,rb_stale,0.23944441603787728,0.73138557,3.0545108635329523,nan,0.23947080658708764,,,5.054039001464844
dense_moderate_n50_s0,dense,moderate,50,lowrank4,0.1,0.10205699796707014,rb_local,0.2597475286947441,0.73138557,2.8157556442414746,nan,0.2611016547189879,,,5.054039001464844
dense_moderate_n50_s0,dense,moderate,50,lowrank4,0.1,0.10205699796707014,combined,0.37871208916254734,0.73138557,1.9312443170676852,0.7605,0.479,0.37997400821903016,0.33873831162833723,5.054039001464844
dense_moderate_n50_s0,dense,moderate,50,lowrank4,0.1,0.10205699796707014,rb_combined,0.20746956088145263,0.73138557,3.5252668723674176,nan,0.24341431121497595,0.4300373214623753,0.37315806389009426,5.054039001464844
dense_moderate_n50_s0,dense,moderate,50,lowrank4,0.2,0.19661857255690565,raw,0.7526482099999999,0.7526482099999999,1.0,nan,nan,,,4.955812215805054
dense_moderate_n50_s0,dense,moderate,50,lowrank4,0.2,0.19661857255690565,fixed,0.5241330099999886,0.7526482099999999,1.4359870407704647,0.73595,0.5281,,,4.955812215805054
dense_moderate_n50_s0,dense,moderate,50,lowrank4,0.2,0.19661857255690565,stale,0.4936084199999847,0.7526482099999999,1.5247880293452514,0.75315,0.4937,,,4.955812215805054
dense_moderate_n50_s0,dense,moderate,50,lowrank4,0.2,0.19661857255690565,local,0.5195920550000065,0.7526482099999999,1.4485367948899652,0.7399,0.5202,,,4.955812215805054
dense_moderate_n50_s0,dense,moderate,50,lowrank4,0.2,0.19661857255690565,rb,0.5609598312547036,0.7526482099999999,1.3417149821878427,nan,nan,,,4.955812215805054
dense_moderate_n50_s0,dense,moderate,50,lowrank4,0.2,0.19661857255690565,rb_fixed,0.2743345265422132,0.7526482099999999,2.7435416879041155,nan,0.27819483492702357,,,4.955812215805054
dense_moderate_n50_s0,dense,moderate,50,lowrank4,0.2,0.19661857255690565,rb_stale,0.2544037790737464,0.7526482099999999,2.9584788902912593,nan,0.2544297384567201,,,4.955812215805054
dense_moderate_n50_s0,dense,moderate,50,lowrank4,0.2,0.19661857255690565,rb_local,0.2728616934796967,0.7526482099999999,2.7583505782793347,nan,0.2737521289688439,,,4.955812215805054
dense_moderate_n50_s0,dense,moderate,50,lowrank4,0.2,0.19661857255690565,combined,0.3943621269885379,0.7526482099999999,1.908520515769192,0.73595,0.5281,0.32046276072663676,0.4147745577906338,4.955812215805054
dense_moderate_n50_s0,dense,moderate,50,lowrank4,0.2,0.19661857255690565,rb_combined,0.22010377908369544,0.7526482099999999,3.4195151629532092,nan,0.27819483492702357,0.33099740880770456,0.48203593678400636,4.955812215805054
dense_moderate_n50_s0,dense,moderate,50,lowrank4,0.4,0.3959275549977661,raw,0.7984288550000002,0.7984288550000002,1.0,nan,nan,,,4.456514120101929
dense_moderate_n50_s0,dense,moderate,50,lowrank4,0.4,0.3959275549977661,fixed,0.6567666799999908,0.7984288550000002,1.2156963489682688,0.66305,0.6739,,,4.456514120101929
dense_moderate_n50_s0,dense,moderate,50,lowrank4,0.4,0.3959275549977661,stale,0.5223443850000085,0.7984288550000002,1.528548746628122,0.73875,0.5225,,,4.456514120101929
dense_moderate_n50_s0,dense,moderate,50,lowrank4,0.4,0.3959275549977661,local,0.5582027649999998,0.7984288550000002,1.4303563240142683,0.7204,0.5592,,,4.456514120101929
dense_moderate_n50_s0,dense,moderate,50,lowrank4,0.4,0.3959275549977661,rb,0.6035892845834611,0.7984288550000002,1.3228015728460099,nan,nan,,,4.456514120101929
dense_moderate_n50_s0,dense,moderate,50,lowrank4,0.4,0.3959275549977661,rb_fixed,0.37601738434645665,0.7984288550000002,2.1233828228120966,nan,0.39334290930269783,,,4.456514120101929
dense_moderate_n50_s0,dense,moderate,50,lowrank4,0.4,0.3959275549977661,rb_stale,0.2785018773967703,0.7984288550000002,2.866870638227372,nan,0.27861311391991034,,,4.456514120101929
dense_moderate_n50_s0,dense,moderate,50,lowrank4,0.4,0.3959275549977661,rb_local,0.2992210389979377,0.7984288550000002,2.66835800608761,nan,0.30026233693546817,,,4.456514120101929
dense_moderate_n50_s0,dense,moderate,50,lowrank4,0.4,0.3959275549977661,combined,0.4283471250407583,0.7984288550000002,1.8639762200435632,0.66305,0.6739,0.2734032390763006,0.47514429579909767,4.456514120101929
dense_moderate_n50_s0,dense,moderate,50,lowrank4,0.4,0.3959275549977661,rb_combined,0.24471165970274084,0.7984288550000002,3.2627331937100075,nan,0.39334290930269783,0.23148066337815046,0.5953314638615704,4.456514120101929
dense_moderate_n50_s0,dense,moderate,50,lowrank4,0.8,0.9791641988473321,raw,0.8672235300000001,0.8672235300000001,1.0,nan,nan,,,4.128818988800049
dense_moderate_n50_s0,dense,moderate,50,lowrank4,0.8,0.9791641988473321,fixed,1.0289574400000117,0.8672235300000001,0.8428176873865553,0.4197,1.1606,,,4.128818988800049
dense_moderate_n50_s0,dense,moderate,50,lowrank4,0.8,0.9791641988473321,stale,0.5789839500000001,0.8672235300000001,1.4978369089505847,0.7101,0.5798,,,4.128818988800049
dense_moderate_n50_s0,dense,moderate,50,lowrank4,0.8,0.9791641988473321,local,0.5958725500000066,0.8672235300000001,1.4553842596038205,0.7017,0.5966,,,4.128818988800049
dense_moderate_n50_s0,dense,moderate,50,lowrank4,0.8,0.9791641988473321,rb,0.6563628109635212,0.8672235300000001,1.321256347121406,nan,nan,,,4.128818988800049
dense_moderate_n50_s0,dense,moderate,50,lowrank4,0.8,0.9791641988473321,rb_fixed,0.6817111518922688,0.8672235300000001,1.2721275390505096,nan,0.8154019647290548,,,4.128818988800049
dense_moderate_n50_s0,dense,moderate,50,lowrank4,0.8,0.9791641988473321,rb_stale,0.3052009719258232,0.8672235300000001,2.8414835133971077,nan,0.3061263689038076,,,4.128818988800049
dense_moderate_n50_s0,dense,moderate,50,lowrank4,0.8,0.9791641988473321,rb_local,0.31428621877114093,0.8672235300000001,2.7593431662095904,nan,0.315130054297021,,,4.128818988800049
dense_moderate_n50_s0,dense,moderate,50,lowrank4,0.8,0.9791641988473321,combined,0.48096296744538136,0.8672235300000001,1.8030983437378323,0.4197,1.1606,0.13256365728857222,0.6061608204700603,4.128818988800049
dense_moderate_n50_s0,dense,moderate,50,lowrank4,0.8,0.9791641988473321,rb_combined,0.26961394113176884,0.8672235300000001,3.2165381595611207,nan,0.8154019647290548,0.10090581748093871,0.7193882856501126,4.128818988800049
dense_moderate_n50_s0,dense,moderate,50,lowrank4,1.6,1.8624199572850646,raw,0.42381687,0.42381687,1.0,nan,nan,,,13.646613836288452
dense_moderate_n50_s0,dense,moderate,50,lowrank4,1.6,1.8624199572850646,fixed,1.0808322899999538,0.42381687,0.3921208442061054,0.0376,1.9248,,,13.646613836288452
dense_moderate_n50_s0,dense,moderate,50,lowrank4,1.6,1.8624199572850646,stale,0.2636369900000069,0.42381687,1.6075774116522454,0.8672,0.2656,,,13.646613836288452
dense_moderate_n50_s0,dense,moderate,50,lowrank4,1.6,1.8624199572850646,local,0.252929550000043,0.42381687,1.6756320880653444,0.87295,0.2541,,,13.646613836288452
dense_moderate_n50_s0,dense,moderate,50,lowrank4,1.6,1.8624199572850646,rb,0.3504765446784248,0.42381687,1.209258868917655,nan,nan,,,13.646613836288452
dense_moderate_n50_s0,dense,moderate,50,lowrank4,1.6,1.8624199572850646,rb_fixed,0.8199312086481793,0.42381687,0.5168932046125515,nan,1.6652081279856854,,,13.646613836288452
dense_moderate_n50_s0,dense,moderate,50,lowrank4,1.6,1.8624199572850646,rb_stale,0.16902522044687637,0.42381687,2.5074179396393874,nan,0.17112720712924243,,,13.646613836288452
dense_moderate_n50_s0,dense,moderate,50,lowrank4,1.6,1.8624199572850646,rb_local,0.1626346109156954,0.42381687,2.6059451159488627,nan,0.1639178721721532,,,13.646613836288452
dense_moderate_n50_s0,dense,moderate,50,lowrank4,1.6,1.8624199572850646,combined,0.22316681476154965,0.42381687,1.8991034596825782,0.0376,1.9248,0.00942604432392495,0.7160201798700178,13.646613836288452
dense_moderate_n50_s0,dense,moderate,50,lowrank4,1.6,1.8624199572850646,rb_combined,0.14965552647218136,0.42381687,2.83194934387392,nan,1.6652081279856854,0.009761779471830915,0.8036153540394134,13.646613836288452
factor_diffuse_n50_s0,factor,diffuse,50,lowrank4,0,0.020237167406610926,raw,0.9236218500000001,0.9236218500000001,1.0,nan,nan,,,12.383466005325317
factor_diffuse_n50_s0,factor,diffuse,50,lowrank4,0,0.020237167406610926,fixed,0.019892970000000433,0.9236218500000001,46.429560291901105,0.99005,0.0199,,,12.383466005325317
factor_diffuse_n50_s0,factor,diffuse,50,lowrank4,0,0.020237167406610926,stale,0.019892970000000232,0.9236218500000001,46.42956029190157,0.99005,0.0199,,,12.383466005325317
factor_diffuse_n50_s0,factor,diffuse,50,lowrank4,0,0.020237167406610926,local,0.1342734299999962,0.9236218500000001,6.878664304620998,0.93255,0.1349,,,12.383466005325317
factor_diffuse_n50_s0,factor,diffuse,50,lowrank4,0,0.020237167406610926,rb,0.33323932378569515,0.9236218500000001,2.771647233908017,nan,nan,,,12.383466005325317
factor_diffuse_n50_s0,factor,diffuse,50,lowrank4,0,0.020237167406610926,rb_fixed,0.0003439447917297895,0.9236218500000001,2685.378212459218,nan,0.0003501745637547641,,,12.383466005325317
factor_diffuse_n50_s0,factor,diffuse,50,lowrank4,0,0.020237167406610926,rb_stale,0.0003439447917289543,0.9236218500000001,2685.3782124657387,nan,0.0003501745637547641,,,12.383466005325317
factor_diffuse_n50_s0,factor,diffuse,50,lowrank4,0,0.020237167406610926,rb_local,0.013692964582221275,0.9236218500000001,67.45229233990833,nan,0.014335548118316353,,,12.383466005325317
factor_diffuse_n50_s0,factor,diffuse,50,lowrank4,0,0.020237167406610926,combined,0.01883990876020991,0.9236218500000001,49.02475175202012,0.99005,0.0199,0.8979202761085654,0.09584735625176448,12.383466005325317
factor_diffuse_n50_s0,factor,diffuse,50,lowrank4,0,0.020237167406610926,rb_combined,0.00033567380138611126,0.9236218500000001,2751.545834634849,nan,0.0003501745637547641,0.9767840389507964,0.024757798130278345,12.383466005325317
factor_diffuse_n50_s0,factor,diffuse,50,lowrank4,0.05,0.0917168060003945,raw,0.9262201299999999,0.9262201299999999,1.0,nan,nan,,,12.217905044555664
factor_diffuse_n50_s0,factor,diffuse,50,lowrank4,0.05,0.0917168060003945,fixed,0.13136463500000173,0.9262201299999999,7.050757077808558,0.93395,0.1321,,,12.217905044555664
factor_diffuse_n50_s0,factor,diffuse,50,lowrank4,0.05,0.0917168060003945,stale,0.02049513999999805,0.9262201299999999,45.192183610362655,0.98975,0.0205,,,12.217905044555664
factor_diffuse_n50_s0,factor,diffuse,50,lowrank4,0.05,0.0917168060003945,local,0.1418919850000003,0.9262201299999999,6.527642347099436,0.92875,0.1425,,,12.217905044555664
factor_diffuse_n50_s0,factor,diffuse,50,lowrank4,0.05,0.0917168060003945,rb,0.3303048979269694,0.9262201299999999,2.8041368317971105,nan,nan,,,12.217905044555664
factor_diffuse_n50_s0,factor,diffuse,50,lowrank4,0.05,0.0917168060003945,rb_fixed,0.011813277666205688,0.9262201299999999,78.40500800634216,nan,0.01260291663321395,,,12.217905044555664
factor_diffuse_n50_s0,factor,diffuse,50,lowrank4,0.05,0.0917168060003945,rb_stale,0.00038352476405803667,0.9262201299999999,2415.0204023327165,nan,0.00038870441866569036,,,12.217905044555664
factor_diffuse_n50_s0,factor,diffuse,50,lowrank4,0.05,0.0917168060003945,rb_local,0.013997779263719274,0.9262201299999999,66.16907671923803,nan,0.014571786667637627,,,12.217905044555664
factor_diffuse_n50_s0,factor,diffuse,50,lowrank4,0.05,0.0917168060003945,combined,0.09223932686171238,0.9262201299999999,10.041488392349322,0.93395,0.1321,0.4659164969435201,0.5098534043179904,12.217905044555664
factor_diffuse_n50_s0,factor,diffuse,50,lowrank4,0.05,0.0917168060003945,rb_combined,0.006905758767508855,0.9262201299999999,134.12286197395213,nan,0.01260291663321395,0.5345702264698426,0.46672833947482634,12.217905044555664
factor_diffuse_n50_s0,factor,diffuse,50,lowrank4,0.1,0.18389137820984494,raw,0.927743275,0.927743275,1.0,nan,nan,,,12.373215913772583
factor_diffuse_n50_s0,factor,diffuse,50,lowrank4,0.1,0.18389137820984494,fixed,0.25060029500000025,0.927743275,3.7020837305877836,0.87335,0.2533,,,12.373215913772583
factor_diffuse_n50_s0,factor,diffuse,50,lowrank4,0.1,0.18389137820984494,stale,0.020995054999999135,0.927743275,44.18865656698866,0.9895,0.021,,,12.373215913772583
factor_diffuse_n50_s0,factor,diffuse,50,lowrank4,0.1,0.18389137820984494,local,0.13173625500000233,0.927743275,7.042429398042199,0.9339,0.1322,,,12.373215913772583
factor_diffuse_n50_s0,factor,diffuse,50,lowrank4,0.1,0.18389137820984494,rb,0.3276149875551341,0.927743275,2.831809624838579,nan,nan,,,12.373215913772583
factor_diffuse_n50_s0,factor,diffuse,50,lowrank4,0.1,0.18389137820984494,rb_fixed,0.034308333933926134,0.927743275,27.041338608477048,nan,0.037051996459081644,,,12.373215913772583
factor_diffuse_n50_s0,factor,diffuse,50,lowrank4,0.1,0.18389137820984494,rb_stale,0.00040209688824907185,0.927743275,2307.2630057891065,nan,0.0004064318675036994,,,12.373215913772583
factor_diffuse_n50_s0,factor,diffuse,50,lowrank4,0.1,0.18389137820984494,rb_local,0.012671694734930154,0.927743275,73.21382770077547,nan,0.013135514960893518,,,12.373215913772583
factor_diffuse_n50_s0,factor,diffuse,50,lowrank4,0.1,0.18389137820984494,combined,0.1112441175511966,0.927743275,8.339706363107561,0.87335,0.2533,0.24319022520194358,0.7257792741602053,12.373215913772583
factor_diffuse_n50_s0,factor,diffuse,50,lowrank4,0.1,0.18389137820984494,rb_combined,0.01023309505845716,0.927743275,90.66106292379888,nan,0.037051996459081644,0.23291051131970095,0.7664961365306969,12.373215913772583
factor_diffuse_n50_s0,factor,diffuse,50,lowrank4,0.2,0.36497936992125424,raw,0.9297498900000001,0.9297498900000001,1.0,nan,nan,,,12.482784032821655
factor_diffuse_n50_s0,factor,diffuse,50,lowrank4,0.2,0.36497936992125424,fixed,0.4609865899999994,0.9297498900000001,2.016869709810867,0.7648,0.4704,,,12.482784032821655
factor_diffuse_n50_s0,factor,diffuse,50,lowrank4,0.2,0.36497936992125424,stale,0.02149456500000171,0.9297498900000001,43.25511542103439,0.98925,0.0215,,,12.482784032821655
factor_diffuse_n50_s0,factor,diffuse,50,lowrank4,0.2,0.36497936992125424,local,0.12780315500000006,0.9297498900000001,7.274858668395155,0.9359,0.1282,,,12.482784032821655
factor_diffuse_n50_s0,factor,diffuse,50,lowrank4,0.2,0.36497936992125424,rb,0.3243372479077864,0.9297498900000001,2.866614599456492,nan,nan,,,12.482784032821655
factor_diffuse_n50_s0,factor,diffuse,50,lowrank4,0.2,0.36497936992125424,rb_fixed,0.09787891875642263,0.9297498900000001,9.498979982745178,nan,0.10725718689062576,,,12.482784032821655
factor_diffuse_n50_s0,factor,diffuse,50,lowrank4,0.2,0.36497936992125424,rb_stale,0.00045246739862169594,0.9297498900000001,2054.843935346944,nan,0.0004577808759006687,,,12.482784032821655
factor_diffuse_n50_s0,factor,diffuse,50,lowrank4,0.2,0.36497936992125424,rb_local,0.012908795282444865,0.9297498900000001,72.02452821173796,nan,0.013336234663410804,,,12.482784032821655
factor_diffuse_n50_s0,factor,diffuse,50,lowrank4,0.2,0.36497936992125424,combined,0.11925242940134086,0.9297498900000001,7.796485947225039,0.7648,0.4704,0.11313231075699351,0.835331255698397,12.482784032821655
factor_diffuse_n50_s0,factor,diffuse,50,lowrank4,0.2,0.36497936992125424,rb_combined,0.012515092273149085,0.9297498900000001,74.29029444671075,nan,0.10725718689062576,0.0579076043394267,0.937003175853739,12.482784032821655
factor_diffuse_n50_s0,factor,diffuse,50,lowrank4,0.4,0.6986194949077985,raw,0.9293256700000001,0.9293256700000001,1.0,nan,nan,,,11.485690832138062
factor_diffuse_n50_s0,factor,diffuse,50,lowrank4,0.4,0.6986194949077985,fixed,0.7898286349999973,0.9293256700000001,1.1766168366382452,0.5895,0.821,,,11.485690832138062
factor_diffuse_n50_s0,factor,diffuse,50,lowrank4,0.4,0.6986194949077985,stale,0.0274555799999967,0.9293256700000001,33.8483350196977,0.98625,0.0275,,,11.485690832138062
factor_diffuse_n50_s0,factor,diffuse,50,lowrank4,0.4,0.6986194949077985,local,0.1282211549999973,0.9293256700000001,7.247834181496958,0.9357,0.1286,,,11.485690832138062
factor_diffuse_n50_s0,factor,diffuse,50,lowrank4,0.4,0.6986194949077985,rb,0.32794116049321365,0.9293256700000001,2.8338183246114097,nan,nan,,,11.485690832138062
factor_diffuse_n50_s0,factor,diffuse,50,lowrank4,0.4,0.6986194949077985,rb_fixed,0.24233247614549552,0.9293256700000001,3.834920043659507,nan,0.27386386120468253,,,11.485690832138062
factor_diffuse_n50_s0,factor,diffuse,50,lowrank4,0.4,0.6986194949077985,rb_stale,0.0008878061820873718,0.9293256700000001,1046.7663874732316,nan,0.00093185224650887,,,11.485690832138062
factor_diffuse_n50_s0,factor,diffuse,50,lowrank4,0.4,0.6986194949077985,rb_local,0.014102089486841341,0.9293256700000001,65.89985624946954,nan,0.014463757415505946,,,11.485690832138062
factor_diffuse_n50_s0,factor,diffuse,50,lowrank4,0.4,0.6986194949077985,combined,0.12222742178704475,0.9293256700000001,7.6032502069719845,0.5895,0.821,0.043550466044368616,0.9179394743191804,11.485690832138062
factor_diffuse_n50_s0,factor,diffuse,50,lowrank4,0.4,0.6986194949077985,rb_combined,0.013853333447909153,0.9293256700000001,67.08318062901033,nan,0.27386386120468253,0.024229487471303213,0.9661918019940148,11.485690832138062
factor_diffuse_n50_s0,factor,diffuse,50,lowrank4,0.8,1.1981480110978173,raw,0.794002695,0.794002695,1.0,nan,nan,,,10.729520082473755
factor_diffuse_n50_s0,factor,diffuse,50,lowrank4,0.8,1.1981480110978173,fixed,1.154700814999996,0.794002695,0.6876263398151344,0.31445,1.3711,,,10.729520082473755
factor_diffuse_n50_s0,factor,diffuse,50,lowrank4,0.8,1.1981480110978173,stale,0.04238858499999769,0.794002695,18.731521587711487,0.97865,0.0427,,,10.729520082473755
factor_diffuse_n50_s0,factor,diffuse,50,lowrank4,0.8,1.1981480110978173,local,0.06997567000000783,0.794002695,11.34683948006373,0.96495,0.0701,,,10.729520082473755
factor_diffuse_n50_s0,factor,diffuse,50,lowrank4,0.8,1.1981480110978173,rb,0.30853462620221994,0.794002695,2.5734638110913175,nan,nan,,,10.729520082473755
factor_diffuse_n50_s0,factor,diffuse,50,lowrank4,0.8,1.1981480110978173,rb_fixed,0.43395199903264264,0.794002695,1.8297016646310544,nan,0.6544693520237709,,,10.729520082473755
factor_diffuse_n50_s0,factor,diffuse,50,lowrank4,0.8,1.1981480110978173,rb_stale,0.0015635019408789563,0.794002695,507.8360788945579,nan,0.0018733916836186154,,,10.729520082473755
factor_diffuse_n50_s0,factor,diffuse,50,lowrank4,0.8,1.1981480110978173,rb_local,0.004790082558126628,0.794002695,165.7597098515416,nan,0.0049268495803960035,,,10.729520082473755
factor_diffuse_n50_s0,factor,diffuse,50,lowrank4,0.8,1.1981480110978173,combined,0.06825164862886346,0.794002695,11.633458106156548,0.31445,1.3711,0.018377821436051277,0.9475263942347087,10.729520082473755
factor_diffuse_n50_s0,factor,diffuse,50,lowrank4,0.8,1.1981480110978173,rb_combined,0.004738425683610312,0.794002695,167.56677175424892,nan,0.6544693520237709,0.013067729742438236,0.9880514793608521,10.729520082473755
factor_diffuse_n50_s0,factor,diffuse,50,lowrank4,1.6,1.864705810123291,raw,0.156695495,0.156695495,1.0,nan,nan,,,28.237334966659546
factor_diffuse_n50_s0,factor,diffuse,50,lowrank4,1.6,1.864705810123291,fixed,1.0004214549999453,0.156695495,0.15662948272136823,0.0449,1.9102,,,28.237334966659546
factor_diffuse_n50_s0,factor,diffuse,50,lowrank4,1.6,1.864705810123291,stale,0.01116521500004971,0.156695495,14.034256841386606,0.9944,0.0112,,,28.237334966659546
factor_diffuse_n50_s0,factor,diffuse,50,lowrank4,1.6,1.864705810123291,local,0.0218929900000122,0.156695495,7.1573364350832245,0.989,0.022,,,28.237334966659546
factor_diffuse_n50_s0,factor,diffuse,50,lowrank4,1.6,1.864705810123291,rb,0.05797569748322025,0.156695495,2.702778953980708,nan,nan,,,28.237334966659546
factor_diffuse_n50_s0,factor,diffuse,50,lowrank4,1.6,1.864705810123291,rb_fixed,0.35968799628911635,0.156695495,0.43564282549492844,nan,1.270706939426918,,,28.237334966659546
factor_diffuse_n50_s0,factor,diffuse,50,lowrank4,1.6,1.864705810123291,rb_stale,0.0002743442579989484,0.156695495,571.1637493087267,nan,0.00030769452692285156,,,28.237334966659546
factor_diffuse_n50_s0,factor,diffuse,50,lowrank4,1.6,1.864705810123291,rb_local,0.0023800187220760945,0.156695495,65.83792536863501,nan,0.0024851881284816395,,,28.237334966659546
factor_diffuse_n50_s0,factor,diffuse,50,lowrank4,1.6,1.864705810123291,combined,0.021823017566075627,0.156695495,7.180285426869045,0.0449,1.9102,0.0007535235581253961,0.9716782360048808,28.237334966659546
factor_diffuse_n50_s0,factor,diffuse,50,lowrank4,1.6,1.864705810123291,rb_combined,0.0020673271641605015,0.156695495,75.79617668480198,nan,1.270706939426918,-0.00013203518495718733,1.0829683815336422,28.237334966659546
factor_moderate_n50_s0,factor,moderate,50,lowrank4,0,0.006529141686252348,raw,0.71004371,0.71004371,1.0,nan,nan,,,12.86613917350769
factor_moderate_n50_s0,factor,moderate,50,lowrank4,0,0.006529141686252348,fixed,0.012692139999991452,0.71004371,55.943576890932356,0.99365,0.0127,,,12.86613917350769
factor_moderate_n50_s0,factor,moderate,50,lowrank4,0,0.006529141686252348,stale,0.012692139999985287,0.71004371,55.94357689095953,0.99365,0.0127,,,12.86613917350769
factor_moderate_n50_s0,factor,moderate,50,lowrank4,0,0.006529141686252348,local,0.06650663000000998,0.71004371,10.676284605006952,0.9665,0.067,,,12.86613917350769
factor_moderate_n50_s0,factor,moderate,50,lowrank4,0,0.006529141686252348,rb,0.29745418933072015,0.71004371,2.3870691201143184,nan,nan,,,12.86613917350769
factor_moderate_n50_s0,factor,moderate,50,lowrank4,0,0.006529141686252348,rb_fixed,0.00026459202639462375,0.71004371,2683.5416005356515,nan,0.00027425028482289354,,,12.86613917350769
factor_moderate_n50_s0,factor,moderate,50,lowrank4,0,0.006529141686252348,rb_stale,0.0002645920263947817,0.71004371,2683.5416005340494,nan,0.00027425028482289354,,,12.86613917350769
factor_moderate_n50_s0,factor,moderate,50,lowrank4,0,0.006529141686252348,rb_local,0.0047270078858166285,0.71004371,150.2099694249472,nan,0.005258020182121914,,,12.86613917350769
factor_moderate_n50_s0,factor,moderate,50,lowrank4,0,0.006529141686252348,combined,0.012130140541695245,0.71004371,58.535489144527915,0.99365,0.0127,0.8653135026080533,0.12865667556459187,12.86613917350769
factor_moderate_n50_s0,factor,moderate,50,lowrank4,0,0.006529141686252348,rb_combined,0.00025891744448642,0.71004371,2742.355623849212,nan,0.00027425028482289354,0.9620728486191717,0.03979058135202915,12.86613917350769
factor_moderate_n50_s0,factor,moderate,50,lowrank4,0.05,0.09852385273426979,raw,0.747878505,0.747878505,1.0,nan,nan,,,14.317214012145996
factor_moderate_n50_s0,factor,moderate,50,lowrank4,0.05,0.09852385273426979,fixed,0.12495453999999447,0.747878505,5.985204739259839,0.9363,0.1274,,,14.317214012145996
factor_moderate_n50_s0,factor,moderate,50,lowrank4,0.05,0.09852385273426979,stale,0.017886054999983574,0.747878505,41.81349688350432,0.99105,0.0179,,,14.317214012145996
factor_moderate_n50_s0,factor,moderate,50,lowrank4,0.05,0.09852385273426979,local,0.08432909999999809,0.747878505,8.86856974638668,0.9575,0.085,,,14.317214012145996
factor_moderate_n50_s0,factor,moderate,50,lowrank4,0.05,0.09852385273426979,rb,0.3163020681517929,0.747878505,2.3644439297219333,nan,nan,,,14.317214012145996
factor_moderate_n50_s0,factor,moderate,50,lowrank4,0.05,0.09852385273426979,rb_fixed,0.009640418823434539,0.747878505,77.57738732076761,nan,0.012043524060666135,,,14.317214012145996
factor_moderate_n50_s0,factor,moderate,50,lowrank4,0.05,0.09852385273426979,rb_stale,0.0004630192085875681,0.747878505,1615.2213366728133,nan,0.0004748385028647786,,,14.317214012145996
factor_moderate_n50_s0,factor,moderate,50,lowrank4,0.05,0.09852385273426979,rb_local,0.006115940693625305,0.747878505,122.28347893881964,nan,0.006729951450287317,,,14.317214012145996
factor_moderate_n50_s0,factor,moderate,50,lowrank4,0.05,0.09852385273426979,combined,0.06848445185413216,0.747878505,10.920413097456589,0.9363,0.1274,0.2919774675500605,0.6935479178301032,14.317214012145996
factor_moderate_n50_s0,factor,moderate,50,lowrank4,0.05,0.09852385273426979,rb_combined,0.004250672224405293,0.747878505,175.9435838656402,nan,0.012043524060666135,0.4165861551007545,0.5985015194833748,14.317214012145996
factor_moderate_n50_s0,factor,moderate,50,lowrank4,0.1,0.2079926292089738,raw,0.7826990500000001,0.7826990500000001,1.0,nan,nan,,,14.197367906570435
factor_moderate_n50_s0,factor,moderate,50,lowrank4,0.1,0.2079926292089738,fixed,0.24586432499999528,0.7826990500000001,3.1834592106846533,0.87205,0.2559,,,14.197367906570435
factor_moderate_n50_s0,factor,moderate,50,lowrank4,0.1,0.2079926292089738,stale,0.01858650500001426,0.7826990500000001,42.111147308189445,0.9907,0.0186,,,14.197367906570435
factor_moderate_n50_s0,factor,moderate,50,lowrank4,0.1,0.2079926292089738,local,0.08920496999998732,0.7826990500000001,8.774164152514274,0.95505,0.0899,,,14.197367906570435
factor_moderate_n50_s0,factor,moderate,50,lowrank4,0.1,0.2079926292089738,rb,0.3338317442902522,0.7826990500000001,2.3445914398107006,nan,nan,,,14.197367906570435
factor_moderate_n50_s0,factor,moderate,50,lowrank4,0.1,0.2079926292089738,rb_fixed,0.03328283340229661,0.7826990500000001,23.516599098981505,nan,0.04368840957990496,,,14.197367906570435
factor_moderate_n50_s0,factor,moderate,50,lowrank4,0.1,0.2079926292089738,rb_stale,0.0005922952001552628,0.7826990500000001,1321.4678251568228,nan,0.0006067729121714135,,,14.197367906570435
factor_moderate_n50_s0,factor,moderate,50,lowrank4,0.1,0.2079926292089738,rb_local,0.008416830666039739,0.7826990500000001,92.9921345760272,nan,0.009144184522284427,,,14.197367906570435
factor_moderate_n50_s0,factor,moderate,50,lowrank4,0.1,0.2079926292089738,combined,0.0806263445298204,0.7826990500000001,9.707733304348327,0.87205,0.2559,0.13734116528077253,0.8406081529073838,14.197367906570435
factor_moderate_n50_s0,factor,moderate,50,lowrank4,0.1,0.2079926292089738,rb_combined,0.007748570696960622,0.7826990500000001,101.012055075785,nan,0.04368840957990496,0.1649914095993434,0.8436988246206407,14.197367906570435
factor_moderate_n50_s0,factor,moderate,50,lowrank4,0.2,0.452960762483936,raw,0.84523085,0.84523085,1.0,nan,nan,,,14.232911825180054
factor_moderate_n50_s0,factor,moderate,50,lowrank4,0.2,0.452960762483936,fixed,0.4940520049999981,0.84523085,1.7108135205321215,0.72955,0.5409,,,14.232911825180054
factor_moderate_n50_s0,factor,moderate,50,lowrank4,0.2,0.452960762483936,stale,0.027373719999995615,0.84523085,30.8774565532246,0.9863,0.0274,,,14.232911825180054
factor_moderate_n50_s0,factor,moderate,50,lowrank4,0.2,0.452960762483936,local,0.10601804000000152,0.84523085,7.972519110898371,0.9465,0.107,,,14.232911825180054
factor_moderate_n50_s0,factor,moderate,50,lowrank4,0.2,0.452960762483936,rb,0.3601836763457196,0.84523085,2.3466661748121855,nan,nan,,,14.232911825180054
factor_moderate_n50_s0,factor,moderate,50,lowrank4,0.2,0.452960762483936,rb_fixed,0.10446118886964302,0.84523085,8.09133860284476,nan,0.1513603224852551,,,14.232911825180054
factor_moderate_n50_s0,factor,moderate,50,lowrank4,0.2,0.452960762483936,rb_stale,0.0010527760745247848,0.84523085,802.8590983904443,nan,0.0010768614603850946,,,14.232911825180054
factor_moderate_n50_s0,factor,moderate,50,lowrank4,0.2,0.452960762483936,rb_local,0.011823504610947035,0.84523085,71.48733626892873,nan,0.01283607334249859,,,14.232911825180054
factor_moderate_n50_s0,factor,moderate,50,lowrank4,0.2,0.452960762483936,combined,0.10016207569208697,0.84523085,8.43863152954582,0.72955,0.5409,0.08232251265404425,0.8879053124216387,14.232911825180054
factor_moderate_n50_s0,factor,moderate,50,lowrank4,0.2,0.452960762483936,rb_combined,0.011623989122655446,0.84523085,72.71435314341647,nan,0.1513603224852551,0.04887364877608401,0.9512985235944167,14.232911825180054
factor_moderate_n50_s0,factor,moderate,50,lowrank4,0.4,0.9528996892684575,raw,0.8928319,0.8928319,1.0,nan,nan,,,13.36699104309082
factor_moderate_n50_s0,factor,moderate,50,lowrank4,0.4,0.9528996892684575,fixed,0.8980695750000086,0.8928319,0.9941678516388793,0.45095,1.0981,,,13.36699104309082
factor_moderate_n50_s0,factor,moderate,50,lowrank4,0.4,0.9528996892684575,stale,0.04807692499999316,0.8928319,18.57090277716653,0.9759,0.0482,,,13.36699104309082
factor_moderate_n50_s0,factor,moderate,50,lowrank4,0.4,0.9528996892684575,local,0.13244517999999983,0.8928319,6.741143014792997,0.9332,0.1336,,,13.36699104309082
factor_moderate_n50_s0,factor,moderate,50,lowrank4,0.4,0.9528996892684575,rb,0.37294865495282264,0.8928319,2.393980748135267,nan,nan,,,13.36699104309082
factor_moderate_n50_s0,factor,moderate,50,lowrank4,0.4,0.9528996892684575,rb_fixed,0.2804088094216421,0.8928319,3.184036556631415,nan,0.4800517035604985,,,13.36699104309082
factor_moderate_n50_s0,factor,moderate,50,lowrank4,0.4,0.9528996892684575,rb_stale,0.003437470904315335,0.8928319,259.73511481338096,nan,0.0035754256918803648,,,13.36699104309082
factor_moderate_n50_s0,factor,moderate,50,lowrank4,0.4,0.9528996892684575,rb_local,0.013141267790547835,0.8928319,67.9410780017884,nan,0.014323586395001567,,,13.36699104309082
factor_moderate_n50_s0,factor,moderate,50,lowrank4,0.4,0.9528996892684575,combined,0.12666555141759522,0.8928319,7.048734956014062,0.45095,1.0981,0.04253930674770668,0.9144716768502372,13.36699104309082
factor_moderate_n50_s0,factor,moderate,50,lowrank4,0.4,0.9528996892684575,rb_combined,0.013040812937224712,0.8928319,68.4644357907651,nan,0.4800517035604985,-0.0011173667177679326,0.9867632590775605,13.36699104309082
factor_moderate_n50_s0,factor,moderate,50,lowrank4,0.8,1.5401890620228071,raw,0.829494595,0.829494595,1.0,nan,nan,,,13.16734004020691
factor_moderate_n50_s0,factor,moderate,50,lowrank4,0.8,1.5401890620228071,fixed,1.2533531350000102,0.829494595,0.6618203376496866,0.1655,1.669,,,13.16734004020691
factor_moderate_n50_s0,factor,moderate,50,lowrank4,0.8,1.5401890620228071,stale,0.0984392850000004,0.829494595,8.426458958941001,0.9502,0.0996,,,13.16734004020691
factor_moderate_n50_s0,factor,moderate,50,lowrank4,0.8,1.5401890620228071,local,0.07633589500000272,0.829494595,10.866376754998031,0.96165,0.0767,,,13.16734004020691
factor_moderate_n50_s0,factor,moderate,50,lowrank4,0.8,1.5401890620228071,rb,0.3730586325858427,0.829494595,2.223496583500528,nan,nan,,,13.16734004020691
factor_moderate_n50_s0,factor,moderate,50,lowrank4,0.8,1.5401890620228071,rb_fixed,0.5205693699796644,0.829494595,1.5934371917279795,nan,0.9360885590034909,,,13.16734004020691
factor_moderate_n50_s0,factor,moderate,50,lowrank4,0.8,1.5401890620228071,rb_stale,0.006800294142850864,0.829494595,121.9792228946517,nan,0.007809245586033016,,,13.16734004020691
factor_moderate_n50_s0,factor,moderate,50,lowrank4,0.8,1.5401890620228071,rb_local,0.008380070217453801,0.829494595,98.98420579726759,nan,0.008747256909973637,,,13.16734004020691
factor_moderate_n50_s0,factor,moderate,50,lowrank4,0.8,1.5401890620228071,combined,0.07446557739692562,0.829494595,11.139302534089348,0.1655,1.669,0.013673060388433089,0.9515932082222331,13.16734004020691
factor_moderate_n50_s0,factor,moderate,50,lowrank4,0.8,1.5401890620228071,rb_combined,0.008328291512603067,0.829494595,99.59961100601959,nan,0.9360885590034909,0.007816353125277052,0.9871297327194333,13.16734004020691
factor_moderate_n50_s0,factor,moderate,50,lowrank4,1.6,1.8790709686003,raw,0.39020539,0.39020539,1.0,nan,nan,,,20.67988610267639
factor_moderate_n50_s0,factor,moderate,50,lowrank4,1.6,1.8790709686003,fixed,1.0530593899999983,0.39020539,0.370544523609443,0.0261,1.9478,,,20.67988610267639
factor_moderate_n50_s0,factor,moderate,50,lowrank4,1.6,1.8790709686003,stale,0.06807812999994886,0.39020539,5.7317289708206305,0.9654,0.0692,,,20.67988610267639
factor_moderate_n50_s0,factor,moderate,50,lowrank4,1.6,1.8790709686003,local,0.0587560600000208,0.39020539,6.641108849025306,0.9703,0.0594,,,20.67988610267639
factor_moderate_n50_s0,factor,moderate,50,lowrank4,1.6,1.8790709686003,rb,0.23112924296360432,0.39020539,1.6882562543652047,nan,nan,,,20.67988610267639
factor_moderate_n50_s0,factor,moderate,50,lowrank4,1.6,1.8790709686003,rb_fixed,0.5135311233699219,0.39020539,0.7598475968493845,nan,1.4112251977072716,,,20.67988610267639
factor_moderate_n50_s0,factor,moderate,50,lowrank4,1.6,1.8790709686003,rb_stale,0.01262557190309279,0.39020539,30.9059576069116,nan,0.01360151407514432,,,20.67988610267639
factor_moderate_n50_s0,factor,moderate,50,lowrank4,1.6,1.8790709686003,rb_local,0.011797404416751619,0.39020539,33.075528838015536,nan,0.012389840733660996,,,20.67988610267639
factor_moderate_n50_s0,factor,moderate,50,lowrank4,1.6,1.8790709686003,combined,0.058066037357724413,0.39020539,6.720027881291123,0.0261,1.9478,0.003336140484333596,0.9579392013225527,20.67988610267639
factor_moderate_n50_s0,factor,moderate,50,lowrank4,1.6,1.8790709686003,rb_combined,0.011676284657450457,0.39020539,33.41862599684189,nan,1.4112251977072716,0.0031181020776603566,1.0261786734793525,20.67988610267639
clustered_diffuse_n50_s0,clustered,diffuse,50,lowrank4,0,0.02191746328606367,raw,0.929696485,0.929696485,1.0,nan,nan,,,8.663100957870483
clustered_diffuse_n50_s0,clustered,diffuse,50,lowrank4,0,0.02191746328606367,fixed,0.18368695500000237,0.929696485,5.061309253016841,0.90815,0.1837,,,8.663100957870483
clustered_diffuse_n50_s0,clustered,diffuse,50,lowrank4,0,0.02191746328606367,stale,0.18368695499999843,0.929696485,5.061309253016949,0.90815,0.1837,,,8.663100957870483
clustered_diffuse_n50_s0,clustered,diffuse,50,lowrank4,0,0.02191746328606367,local,0.27382173500000023,0.929696485,3.395261829744813,0.86245,0.2751,,,8.663100957870483
clustered_diffuse_n50_s0,clustered,diffuse,50,lowrank4,0,0.02191746328606367,rb,0.5705899681902596,0.929696485,1.62936002528877,nan,nan,,,8.663100957870483
clustered_diffuse_n50_s0,clustered,diffuse,50,lowrank4,0,0.02191746328606367,rb_fixed,0.06261892942155001,0.929696485,14.846892043479258,nan,0.06262833507829008,,,8.663100957870483
clustered_diffuse_n50_s0,clustered,diffuse,50,lowrank4,0,0.02191746328606367,rb_stale,0.06261892942154744,0.929696485,14.846892043479867,nan,0.06262833507829008,,,8.663100957870483
clustered_diffuse_n50_s0,clustered,diffuse,50,lowrank4,0,0.02191746328606367,rb_local,0.10519504195195666,0.929696485,8.83783558377779,nan,0.10641769531218392,,,8.663100957870483
clustered_diffuse_n50_s0,clustered,diffuse,50,lowrank4,0,0.02191746328606367,combined,0.1623945590937747,0.929696485,5.724923853287147,0.90815,0.1837,0.7010958806577178,0.23871923041829593,8.663100957870483
clustered_diffuse_n50_s0,clustered,diffuse,50,lowrank4,0,0.02191746328606367,rb_combined,0.0577617828191178,0.929696485,16.09535647317818,nan,0.06262833507829008,0.7693607651119706,0.1901420920737619,8.663100957870483
clustered_diffuse_n50_s0,clustered,diffuse,50,lowrank4,0.05,0.06666077564490322,raw,0.93234731,0.93234731,1.0,nan,nan,,,9.058794975280762
clustered_diffuse_n50_s0,clustered,diffuse,50,lowrank4,0.05,0.06666077564490322,fixed,0.21852773500000333,0.93234731,4.266494182077098,0.89045,0.2191,,,9.058794975280762
clustered_diffuse_n50_s0,clustered,diffuse,50,lowrank4,0.05,0.06666077564490322,stale,0.18228371500000137,0.93234731,5.11481406882668,0.90885,0.1823,,,9.058794975280762
clustered_diffuse_n50_s0,clustered,diffuse,50,lowrank4,0.05,0.06666077564490322,local,0.27408980000000194,0.93234731,3.401612573689329,0.86235,0.2753,,,9.058794975280762
clustered_diffuse_n50_s0,clustered,diffuse,50,lowrank4,0.05,0.06666077564490322,rb,0.5713821135225514,0.93234731,1.6317404551782526,nan,nan,,,9.058794975280762
clustered_diffuse_n50_s0,clustered,diffuse,50,lowrank4,0.05,0.06666077564490322,rb_fixed,0.07616428597440551,0.93234731,12.241266337260864,nan,0.07663203513325016,,,9.058794975280762
clustered_diffuse_n50_s0,clustered,diffuse,50,lowrank4,0.05,0.06666077564490322,rb_stale,0.06368612169994517,0.93234731,14.639725031345451,nan,0.06369825444509357,,,9.058794975280762
clustered_diffuse_n50_s0,clustered,diffuse,50,lowrank4,0.05,0.06666077564490322,rb_local,0.10273069633702565,0.93234731,9.075644799888,nan,0.10377311355597563,,,9.058794975280762
clustered_diffuse_n50_s0,clustered,diffuse,50,lowrank4,0.05,0.06666077564490322,combined,0.1872336389454731,0.93234731,4.979592958034223,0.89045,0.2191,0.5870904311872005,0.33860926096731947,9.058794975280762
clustered_diffuse_n50_s0,clustered,diffuse,50,lowrank4,0.05,0.06666077564490322,rb_combined,0.06825322165246306,0.93234731,13.660121638615053,nan,0.07663203513325016,0.7101925803932764,0.24248197331236102,9.058794975280762
clustered_diffuse_n50_s0,clustered,diffuse,50,lowrank4,0.1,0.1364408355874241,raw,0.934129825,0.934129825,1.0,nan,nan,,,9.154804229736328
clustered_diffuse_n50_s0,clustered,diffuse,50,lowrank4,0.1,0.1364408355874241,fixed,0.2855302500000045,0.934129825,3.271561682168475,0.8562,0.2876,,,9.154804229736328
clustered_diffuse_n50_s0,clustered,diffuse,50,lowrank4,0.1,0.1364408355874241,stale,0.1878721400000027,0.934129825,4.972157260783778,0.90605,0.1879,,,9.154804229736328
clustered_diffuse_n50_s0,clustered,diffuse,50,lowrank4,0.1,0.1364408355874241,local,0.2554703000000021,0.934129825,3.6565104632514713,0.87185,0.2563,,,9.154804229736328
clustered_diffuse_n50_s0,clustered,diffuse,50,lowrank4,0.1,0.1364408355874241,rb,0.569883112201891,0.934129825,1.6391603909628896,nan,nan,,,9.154804229736328
clustered_diffuse_n50_s0,clustered,diffuse,50,lowrank4,0.1,0.1364408355874241,rb_fixed,0.10929335892952448,0.934129825,8.546995299159521,nan,0.11118651879366767,,,9.154804229736328
clustered_diffuse_n50_s0,clustered,diffuse,50,lowrank4,0.1,0.1364408355874241,rb_stale,0.06305413234914703,0.934129825,14.814728078843139,nan,0.06307400237275951,,,9.154804229736328
clustered_diffuse_n50_s0,clustered,diffuse,50,lowrank4,0.1,0.1364408355874241,rb_local,0.09275908376404877,0.934129825,10.070494307340782,nan,0.09349499155860909,,,9.154804229736328
clustered_diffuse_n50_s0,clustered,diffuse,50,lowrank4,0.1,0.1364408355874241,combined,0.20187193779327003,0.934129825,4.627338674266898,0.8562,0.2876,0.3946371717730104,0.5220353637876581,9.154804229736328
clustered_diffuse_n50_s0,clustered,diffuse,50,lowrank4,0.1,0.1364408355874241,rb_combined,0.0754877556199874,0.934129825,12.3745873397336,nan,0.11118651879366767,0.44289353034153894,0.5098377130436139,9.154804229736328
clustered_diffuse_n50_s0,clustered,diffuse,50,lowrank4,0.2,0.2951911228600711,raw,0.9354080999999999,0.9354080999999999,1.0,nan,nan,,,9.97626805305481
clustered_diffuse_n50_s0,clustered,diffuse,50,lowrank4,0.2,0.2951911228600711,fixed,0.45270597000000706,0.9354080999999999,2.066259696111331,0.76945,0.4611,,,9.97626805305481
clustered_diffuse_n50_s0,clustered,diffuse,50,lowrank4,0.2,0.2951911228600711,stale,0.21447584500000208,0.9354080999999999,4.361368059885675,0.8927,0.2146,,,9.97626805305481
clustered_diffuse_n50_s0,clustered,diffuse,50,lowrank4,0.2,0.2951911228600711,local,0.26555943499999884,0.9354080999999999,3.5224058222597283,0.86685,0.2663,,,9.97626805305481
clustered_diffuse_n50_s0,clustered,diffuse,50,lowrank4,0.2,0.2951911228600711,rb,0.5639657455664101,0.9354080999999999,1.6586257363211616,nan,nan,,,9.97626805305481
clustered_diffuse_n50_s0,clustered,diffuse,50,lowrank4,0.2,0.2951911228600711,rb_fixed,0.1998634517544981,0.9354080999999999,4.6802358899965695,nan,0.20796907061954362,,,9.97626805305481
clustered_diffuse_n50_s0,clustered,diffuse,50,lowrank4,0.2,0.2951911228600711,rb_stale,0.06769049293943648,0.9354080999999999,13.818899218785733,nan,0.06779299289502244,,,9.97626805305481
clustered_diffuse_n50_s0,clustered,diffuse,50,lowrank4,0.2,0.2951911228600711,rb_local,0.08981647442257427,0.9354080999999999,10.414660628951346,nan,0.09048346063808328,,,9.97626805305481
clustered_diffuse_n50_s0,clustered,diffuse,50,lowrank4,0.2,0.2951911228600711,combined,0.22749584191880684,0.9354080999999999,4.111759107816338,0.76945,0.4611,0.23585064995769356,0.6684954053650808,9.97626805305481
clustered_diffuse_n50_s0,clustered,diffuse,50,lowrank4,0.2,0.2951911228600711,rb_combined,0.08258655136464978,0.9354080999999999,11.326397392110872,nan,0.20796907061954362,0.19860481818943823,0.7518128463168445,9.97626805305481
clustered_diffuse_n50_s0,clustered,diffuse,50,lowrank4,0.4,0.6709597123421047,raw,0.919148075,0.919148075,1.0,nan,nan,,,9.12809705734253
clustered_diffuse_n50_s0,clustered,diffuse,50,lowrank4,0.4,0.6709597123421047,fixed,0.8066560400000016,0.919148075,1.1394547730653553,0.57455,0.8509,,,9.12809705734253
clustered_diffuse_n50_s0,clustered,diffuse,50,lowrank4,0.4,0.6709597123421047,stale,0.25629991000000163,0.919148075,3.586220826218761,0.8714,0.2572,,,9.12809705734253
clustered_diffuse_n50_s0,clustered,diffuse,50,lowrank4,0.4,0.6709597123421047,local,0.2864552599999997,0.919148075,3.2086967961419206,0.85655,0.2869,,,9.12809705734253
clustered_diffuse_n50_s0,clustered,diffuse,50,lowrank4,0.4,0.6709597123421047,rb,0.5334366287155432,0.919148075,1.7230689186327672,nan,nan,,,9.12809705734253
clustered_diffuse_n50_s0,clustered,diffuse,50,lowrank4,0.4,0.6709597123421047,rb_fixed,0.3875929150555616,0.919148075,2.3714264097635525,nan,0.4316556872053831,,,9.12809705734253
clustered_diffuse_n50_s0,clustered,diffuse,50,lowrank4,0.4,0.6709597123421047,rb_stale,0.06810960258537307,0.919148075,13.495131965391797,nan,0.06903951677747446,,,9.12809705734253
clustered_diffuse_n50_s0,clustered,diffuse,50,lowrank4,0.4,0.6709597123421047,rb_local,0.08278194935136785,0.919148075,11.103242702085662,nan,0.08326806643014437,,,9.12809705734253
clustered_diffuse_n50_s0,clustered,diffuse,50,lowrank4,0.4,0.6709597123421047,combined,0.2557576707157022,0.919148075,3.5938240774084784,0.57455,0.8509,0.1193312971439575,0.7755557983466264,9.12809705734253
clustered_diffuse_n50_s0,clustered,diffuse,50,lowrank4,0.4,0.6709597123421047,rb_combined,0.0787538688816004,0.919148075,11.671148199485403,nan,0.4316556872053831,0.08707796901921003,0.8698205225816138,9.12809705734253
clustered_diffuse_n50_s0,clustered,diffuse,50,lowrank4,0.8,1.380146776682756,raw,0.73123586,0.73123586,1.0,nan,nan,,,13.985738277435303
clustered_diffuse_n50_s0,clustered,diffuse,50,lowrank4,0.8,1.380146776682756,fixed,1.2140857199999628,0.73123586,0.6022934360845809,0.25495,1.4901,,,13.985738277435303
clustered_diffuse_n50_s0,clustered,diffuse,50,lowrank4,0.8,1.380146776682756,stale,0.23784017500000815,0.73123586,3.0744841993156746,0.8799,0.2402,,,13.985738277435303
clustered_diffuse_n50_s0,clustered,diffuse,50,lowrank4,0.8,1.380146776682756,local,0.2238412900000066,0.73123586,3.266760390810732,0.8879,0.2242,,,13.985738277435303
clustered_diffuse_n50_s0,clustered,diffuse,50,lowrank4,0.8,1.380146776682756,rb,0.3753293479768293,0.73123586,1.9482512197397956,nan,nan,,,13.985738277435303
clustered_diffuse_n50_s0,clustered,diffuse,50,lowrank4,0.8,1.380146776682756,rb_fixed,0.5929403108388377,0.73123586,1.2332368817453385,nan,0.8668322184477881,,,13.985738277435303
clustered_diffuse_n50_s0,clustered,diffuse,50,lowrank4,0.8,1.380146776682756,rb_stale,0.051624683970987295,0.73123586,14.164461721663018,nan,0.05441156362098025,,,13.985738277435303
clustered_diffuse_n50_s0,clustered,diffuse,50,lowrank4,0.8,1.380146776682756,rb_local,0.04386070277265862,0.73123586,16.671777098287386,nan,0.04428044241406276,,,13.985738277435303
clustered_diffuse_n50_s0,clustered,diffuse,50,lowrank4,0.8,1.380146776682756,combined,0.20702029136567612,0.73123586,3.5321941398892194,0.25495,1.4901,0.030153427633201817,0.8425675223808634,13.985738277435303
clustered_diffuse_n50_s0,clustered,diffuse,50,lowrank4,0.8,1.380146776682756,rb_combined,0.04325227577446034,0.73123586,16.9062979209011,nan,0.8668322184477881,0.010715298054034188,0.9538805110712211,13.985738277435303
clustered_diffuse_n50_s0,clustered,diffuse,50,lowrank4,1.6,1.8168139350663637,raw,0.26562051499999995,0.26562051499999995,1.0,nan,nan,,,30.968564987182617
clustered_diffuse_n50_s0,clustered,diffuse,50,lowrank4,1.6,1.8168139350663637,fixed,1.1121872699999977,0.26562051499999995,0.23882714913649433,0.0534,1.8932,,,30.968564987182617
clustered_diffuse_n50_s0,clustered,diffuse,50,lowrank4,1.6,1.8168139350663637,stale,0.09503731499997826,0.26562051499999995,2.7949076107638424,0.95165,0.0967,,,30.968564987182617
clustered_diffuse_n50_s0,clustered,diffuse,50,lowrank4,1.6,1.8168139350663637,local,0.08754787000006234,0.26562051499999995,3.03400316877853,0.95615,0.0877,,,30.968564987182617
clustered_diffuse_n50_s0,clustered,diffuse,50,lowrank4,1.6,1.8168139350663637,rb,0.10496764797461346,0.26562051499999995,2.5304988739410503,nan,nan,,,30.968564987182617
clustered_diffuse_n50_s0,clustered,diffuse,50,lowrank4,1.6,1.8168139350663637,rb_fixed,0.6064540418129112,0.26562051499999995,0.4379895205347529,nan,1.3881880080232245,,,30.968564987182617
clustered_diffuse_n50_s0,clustered,diffuse,50,lowrank4,1.6,1.8168139350663637,rb_stale,0.01326976437739629,0.26562051499999995,20.016972980504296,nan,0.01478451706368742,,,30.968564987182617
clustered_diffuse_n50_s0,clustered,diffuse,50,lowrank4,1.6,1.8168139350663637,rb_local,0.012921102620501028,0.26562051499999995,20.557109002335302,nan,0.01308841435655271,,,30.968564987182617
clustered_diffuse_n50_s0,clustered,diffuse,50,lowrank4,1.6,1.8168139350663637,combined,0.08195818785364546,0.26562051499999995,3.240927135606321,0.0534,1.8932,0.0011224688732378624,0.8513831880287571,30.968564987182617
clustered_diffuse_n50_s0,clustered,diffuse,50,lowrank4,1.6,1.8168139350663637,rb_combined,0.012851513243820794,0.26562051499999995,20.668423240174803,nan,1.3881880080232245,-0.004712804086910778,0.9443983412910726,30.968564987182617
clustered_moderate_n50_s0,clustered,moderate,50,lowrank4,0,0.012569988763207168,raw,0.8246923100000001,0.8246923100000001,1.0,nan,nan,,,14.107442855834961
clustered_moderate_n50_s0,clustered,moderate,50,lowrank4,0,0.012569988763207168,fixed,0.20459473999999375,0.8246923100000001,4.030857831438019,0.8977,0.2046,,,14.107442855834961
clustered_moderate_n50_s0,clustered,moderate,50,lowrank4,0,0.012569988763207168,stale,0.20459473999998884,0.8246923100000001,4.030857831438116,0.8977,0.2046,,,14.107442855834961
clustered_moderate_n50_s0,clustered,moderate,50,lowrank4,0,0.012569988763207168,local,0.23531780999999832,0.8246923100000001,3.504589431628681,0.8821,0.2358,,,14.107442855834961
clustered_moderate_n50_s0,clustered,moderate,50,lowrank4,0,0.012569988763207168,rb,0.5201390232367824,0.8246923100000001,1.5855228566932118,nan,nan,,,14.107442855834961
clustered_moderate_n50_s0,clustered,moderate,50,lowrank4,0,0.012569988763207168,rb_fixed,0.10293973672865842,0.8246923100000001,8.011408773793821,nan,0.10295314962197803,,,14.107442855834961
clustered_moderate_n50_s0,clustered,moderate,50,lowrank4,0,0.012569988763207168,rb_stale,0.10293973672865546,0.8246923100000001,8.01140877379405,nan,0.10295314962197803,,,14.107442855834961
clustered_moderate_n50_s0,clustered,moderate,50,lowrank4,0,0.012569988763207168,rb_local,0.12144054477603976,0.8246923100000001,6.790914117858207,nan,0.1218555102786334,,,14.107442855834961
clustered_moderate_n50_s0,clustered,moderate,50,lowrank4,0,0.012569988763207168,combined,0.1830047516199999,0.8246923100000001,4.506398345942579,0.8977,0.2046,0.5922149113489006,0.29335071395409906,14.107442855834961
clustered_moderate_n50_s0,clustered,moderate,50,lowrank4,0,0.012569988763207168,rb_combined,0.09629981150435918,0.8246923100000001,8.563799836333729,nan,0.10295314962197803,0.6443183393438663,0.2665739144470333,14.107442855834961
clustered_moderate_n50_s0,clustered,moderate,50,lowrank4,0.05,0.0410834451613254,raw,0.8250504049999998,0.8250504049999998,1.0,nan,nan,,,13.666833877563477
clustered_moderate_n50_s0,clustered,moderate,50,lowrank4,0.05,0.0410834451613254,fixed,0.2200910949999939,0.8250504049999998,3.7486769058058558,0.8899,0.2202,,,13.666833877563477
clustered_moderate_n50_s0,clustered,moderate,50,lowrank4,0.05,0.0410834451613254,stale,0.2083948950000018,0.8250504049999998,3.959072054044283,0.8958,0.2084,,,13.666833877563477
clustered_moderate_n50_s0,clustered,moderate,50,lowrank4,0.05,0.0410834451613254,local,0.23747640000000875,0.8250504049999998,3.4742416720144376,0.88095,0.2381,,,13.666833877563477
clustered_moderate_n50_s0,clustered,moderate,50,lowrank4,0.05,0.0410834451613254,rb,0.5230549954881357,0.8250504049999998,1.577368368750651,nan,nan,,,13.666833877563477
clustered_moderate_n50_s0,clustered,moderate,50,lowrank4,0.05,0.0410834451613254,rb_fixed,0.11245712493497699,0.8250504049999998,7.336577433195506,nan,0.1125775637092396,,,13.666833877563477
clustered_moderate_n50_s0,clustered,moderate,50,lowrank4,0.05,0.0410834451613254,rb_stale,0.10528313918979365,0.8250504049999998,7.836491306672415,nan,0.105299611648786,,,13.666833877563477
clustered_moderate_n50_s0,clustered,moderate,50,lowrank4,0.05,0.0410834451613254,rb_local,0.12341861831583839,0.8250504049999998,6.684975218962734,nan,0.12398126529250715,,,13.666833877563477
clustered_moderate_n50_s0,clustered,moderate,50,lowrank4,0.05,0.0410834451613254,combined,0.18582591633212195,0.8250504049999998,4.439910327283995,0.8899,0.2202,0.528731166699451,0.3659150903584911,13.666833877563477
clustered_moderate_n50_s0,clustered,moderate,50,lowrank4,0.05,0.0410834451613254,rb_combined,0.09972292999801385,0.8250504049999998,8.273427235004347,nan,0.1125775637092396,0.48398917037406736,0.4306007352666711,13.666833877563477
clustered_moderate_n50_s0,clustered,moderate,50,lowrank4,0.1,0.07981142430965656,raw,0.8276168700000001,0.8276168700000001,1.0,nan,nan,,,13.757570028305054
clustered_moderate_n50_s0,clustered,moderate,50,lowrank4,0.1,0.07981142430965656,fixed,0.25113792499999443,0.8276168700000001,3.2954675005776943,0.8742,0.2516,,,13.757570028305054
clustered_moderate_n50_s0,clustered,moderate,50,lowrank4,0.1,0.07981142430965656,stale,0.20888659999998924,0.8276168700000001,3.9620390680878654,0.89555,0.2089,,,13.757570028305054
clustered_moderate_n50_s0,clustered,moderate,50,lowrank4,0.1,0.07981142430965656,local,0.23495509000000275,0.8276168700000001,3.522447077013698,0.88225,0.2355,,,13.757570028305054
clustered_moderate_n50_s0,clustered,moderate,50,lowrank4,0.1,0.07981142430965656,rb,0.5262100500601562,0.8276168700000001,1.572788033800166,nan,nan,,,13.757570028305054
clustered_moderate_n50_s0,clustered,moderate,50,lowrank4,0.1,0.07981142430965656,rb_fixed,0.12873762742203348,0.8276168700000001,6.428709978372284,nan,0.12921090450092962,,,13.757570028305054
clustered_moderate_n50_s0,clustered,moderate,50,lowrank4,0.1,0.07981142430965656,rb_stale,0.10680082734189097,0.8276168700000001,7.749161599194655,nan,0.10681933055426411,,,13.757570028305054
clustered_moderate_n50_s0,clustered,moderate,50,lowrank4,0.1,0.07981142430965656,rb_local,0.121043905918574,0.8276168700000001,6.8373278581801245,nan,0.12156590396836152,,,13.757570028305054
clustered_moderate_n50_s0,clustered,moderate,50,lowrank4,0.1,0.07981142430965656,combined,0.1896648569970623,0.8276168700000001,4.363575219487387,0.8742,0.2516,0.4299625717725962,0.47053848985049124,13.757570028305054
clustered_moderate_n50_s0,clustered,moderate,50,lowrank4,0.1,0.07981142430965656,rb_combined,0.10158233260947679,0.8276168700000001,8.14725207366217,nan,0.12921090450092962,0.3739490124233909,0.5468822858012572,13.757570028305054
clustered_moderate_n50_s0,clustered,moderate,50,lowrank4,0.2,0.17468838009802484,raw,0.838611755,0.838611755,1.0,nan,nan,,,13.486889123916626
clustered_moderate_n50_s0,clustered,moderate,50,lowrank4,0.2,0.17468838009802484,fixed,0.33871703999999453,0.838611755,2.4758475540528266,0.82945,0.3411,,,13.486889123916626
clustered_moderate_n50_s0,clustered,moderate,50,lowrank4,0.2,0.17468838009802484,stale,0.22598379500000693,0.838611755,3.7109375696605778,0.887,0.226,,,13.486889123916626
clustered_moderate_n50_s0,clustered,moderate,50,lowrank4,0.2,0.17468838009802484,local,0.24046775999999317,0.838611755,3.487418666851738,0.87955,0.2409,,,13.486889123916626
clustered_moderate_n50_s0,clustered,moderate,50,lowrank4,0.2,0.17468838009802484,rb,0.5325477578941724,0.838611755,1.5747165255489601,nan,nan,,,13.486889123916626
clustered_moderate_n50_s0,clustered,moderate,50,lowrank4,0.2,0.17468838009802484,rb_fixed,0.17366070100726777,0.838611755,4.8290243568975555,nan,0.17600448984997935,,,13.486889123916626
clustered_moderate_n50_s0,clustered,moderate,50,lowrank4,0.2,0.17468838009802484,rb_stale,0.11034790154998927,0.838611755,7.599707318585447,nan,0.11037287694482686,,,13.486889123916626
clustered_moderate_n50_s0,clustered,moderate,50,lowrank4,0.2,0.17468838009802484,rb_local,0.11937872999963087,0.838611755,7.024800439765049,nan,0.11976720212275871,,,13.486889123916626
clustered_moderate_n50_s0,clustered,moderate,50,lowrank4,0.2,0.17468838009802484,combined,0.20404729173230748,0.838611755,4.109889172654086,0.82945,0.3411,0.28088305589668583,0.610912915449812,13.486889123916626
clustered_moderate_n50_s0,clustered,moderate,50,lowrank4,0.2,0.17468838009802484,rb_combined,0.10595042065013723,0.838611755,7.915133794222589,nan,0.17600448984997935,0.21536563234233283,0.7020505467274851,13.486889123916626
clustered_moderate_n50_s0,clustered,moderate,50,lowrank4,0.4,0.45211231921877076,raw,0.87161054,0.87161054,1.0,nan,nan,,,10.904513835906982
clustered_moderate_n50_s0,clustered,moderate,50,lowrank4,0.4,0.45211231921877076,fixed,0.589910454999999,0.87161054,1.4775302465185187,0.6956,0.6088,,,10.904513835906982
clustered_moderate_n50_s0,clustered,moderate,50,lowrank4,0.4,0.45211231921877076,stale,0.2635481650000062,0.87161054,3.3072153623227827,0.8682,0.2636,,,10.904513835906982
clustered_moderate_n50_s0,clustered,moderate,50,lowrank4,0.4,0.45211231921877076,local,0.2829181899999994,0.87161054,3.0807864987401548,0.85805,0.2839,,,10.904513835906982
clustered_moderate_n50_s0,clustered,moderate,50,lowrank4,0.4,0.45211231921877076,rb,0.538360504083418,0.87161054,1.619009071781658,nan,nan,,,10.904513835906982
clustered_moderate_n50_s0,clustered,moderate,50,lowrank4,0.4,0.45211231921877076,rb_fixed,0.29397851960117133,0.87161054,2.9648783223430017,nan,0.3124321765227942,,,10.904513835906982
clustered_moderate_n50_s0,clustered,moderate,50,lowrank4,0.4,0.45211231921877076,rb_stale,0.10887768763523652,0.87161054,8.005410097614135,nan,0.10891165756641606,,,10.904513835906982
clustered_moderate_n50_s0,clustered,moderate,50,lowrank4,0.4,0.45211231921877076,rb_local,0.12444819321950715,0.87161054,7.003802284719517,nan,0.12541539177407854,,,10.904513835906982
clustered_moderate_n50_s0,clustered,moderate,50,lowrank4,0.4,0.45211231921877076,combined,0.24440395251032815,0.87161054,3.5662702302785676,0.6956,0.6088,0.17329715303845428,0.7240890451157818,10.904513835906982
clustered_moderate_n50_s0,clustered,moderate,50,lowrank4,0.4,0.45211231921877076,rb_combined,0.11084098267977747,0.87161054,7.863612527850876,nan,0.3124321765227942,0.13688384523451308,0.7879800089914504,10.904513835906982
clustered_moderate_n50_s0,clustered,moderate,50,lowrank4,0.8,1.1876428669685324,raw,0.8527559,0.8527559,1.0,nan,nan,,,9.985414266586304
clustered_moderate_n50_s0,clustered,moderate,50,lowrank4,0.8,1.1876428669685324,fixed,1.0942406499999855,0.8527559,0.7793129418103881,0.35635,1.2873,,,9.985414266586304
clustered_moderate_n50_s0,clustered,moderate,50,lowrank4,0.8,1.1876428669685324,stale,0.2744262050000073,0.8527559,3.107414250034822,0.8627,0.2746,,,9.985414266586304
clustered_moderate_n50_s0,clustered,moderate,50,lowrank4,0.8,1.1876428669685324,local,0.29995459500000027,0.8527559,2.842949947141164,0.8493,0.3014,,,9.985414266586304
clustered_moderate_n50_s0,clustered,moderate,50,lowrank4,0.8,1.1876428669685324,rb,0.45291217498881764,0.8527559,1.8828283872498117,nan,nan,,,9.985414266586304
clustered_moderate_n50_s0,clustered,moderate,50,lowrank4,0.8,1.1876428669685324,rb_fixed,0.5241450270319676,0.8527559,1.6269464671425575,nan,0.7154381479529976,,,9.985414266586304
clustered_moderate_n50_s0,clustered,moderate,50,lowrank4,0.8,1.1876428669685324,rb_stale,0.07915089853642539,0.8527559,10.773799360061089,nan,0.07934826393531333,,,9.985414266586304
clustered_moderate_n50_s0,clustered,moderate,50,lowrank4,0.8,1.1876428669685324,rb_local,0.09221738656788639,0.8527559,9.247235599896756,nan,0.09364157121282021,,,9.985414266586304
clustered_moderate_n50_s0,clustered,moderate,50,lowrank4,0.8,1.1876428669685324,combined,0.2701295776180078,0.8527559,3.1568401635969248,0.35635,1.2873,0.07206226813845153,0.8054632599659922,9.985414266586304
clustered_moderate_n50_s0,clustered,moderate,50,lowrank4,0.8,1.1876428669685324,rb_combined,0.08639500042741949,0.8527559,9.870431110378904,nan,0.7154381479529976,0.06548802369425229,0.8609611657739045,9.985414266586304
clustered_moderate_n50_s0,clustered,moderate,50,lowrank4,1.6,1.8276839036698633,raw,0.3521717,0.3521717,1.0,nan,nan,,,17.306145906448364
clustered_moderate_n50_s0,clustered,moderate,50,lowrank4,1.6,1.8276839036698633,fixed,1.0761469000000008,0.3521717,0.3272524410933114,0.05575,1.8885,,,17.306145906448364
clustered_moderate_n50_s0,clustered,moderate,50,lowrank4,1.6,1.8276839036698633,stale,0.11386088000006435,0.3521717,3.09299998383818,0.94295,0.1141,,,17.306145906448364
clustered_moderate_n50_s0,clustered,moderate,50,lowrank4,1.6,1.8276839036698633,local,0.09952564999997542,0.3521717,3.538501883686135,0.95015,0.0997,,,17.306145906448364
clustered_moderate_n50_s0,clustered,moderate,50,lowrank4,1.6,1.8276839036698633,rb,0.12139075936735884,0.3521717,2.9011409256798553,nan,nan,,,17.306145906448364
clustered_moderate_n50_s0,clustered,moderate,50,lowrank4,1.6,1.8276839036698633,rb_fixed,0.553755485159426,0.3521717,0.6359696823564824,nan,1.3649234986918786,,,17.306145906448364
clustered_moderate_n50_s0,clustered,moderate,50,lowrank4,1.6,1.8276839036698633,rb_stale,0.018049456088818156,0.3521717,19.511485457901102,nan,0.01817066259498405,,,17.306145906448364
clustered_moderate_n50_s0,clustered,moderate,50,lowrank4,1.6,1.8276839036698633,rb_local,0.01647177535613023,0.3521717,21.38031222414248,nan,0.016722030205626612,,,17.306145906448364
clustered_moderate_n50_s0,clustered,moderate,50,lowrank4,1.6,1.8276839036698633,combined,0.09402720334428331,0.3521717,3.745423531427529,0.05575,1.8885,0.01047760436923662,0.862842367262947,17.306145906448364
clustered_moderate_n50_s0,clustered,moderate,50,lowrank4,1.6,1.8276839036698633,rb_combined,0.016347097493979015,0.3521717,21.54337796845662,nan,1.3649234986918786,0.010755273057493861,0.9742207976701407,17.306145906448364
