path	bytes	blob_sha
c0/C0.EXE	65206	6de773880bf01770ffb33c418fc05c151a426a34
c0/C0.MAP	24191	4e100cb548884145898c869fe89c56b933bcda50
c0/C0.OBJ	4041	27c32a5630e19fc721fd9d637de4cdc789cd15a4
c0/C0SCM1	36800	da9d7d92cf1117a245a9593a3fef175d78c3d3b2
c0/C0SEB1	36800	570c4d1dc81a9b6dc4ad88edd56fe0cbfb837942
c0/C0SRM1	36800	1e1cf13047e08e0b11ca7396c1d9b2b39f6c1c18
c0/C1.C	7412	164e692c3081e12b0c9a259259a03f7249b88195
c0/C1.MAP	24243	13335bd42758640c7f17f3a28ddd6f36ccaef19a
c0/C1.OBJ	5304	cc819cd44855a816cd119195b2dda12bb366363c
c0/C1AS16	35200	93ad38ca963f9b5e91ead9269c89b989211c4f99
c0/C1AS17	35200	7341694d9fa89b3e9fb526ce6321f051d22314ce
c0/C1AS18	35200	af4b0086d39fba934cc22e6e6be65ab855fcd267
c0/C1AS19	35200	346e870a6f0b5fc21287d7006b660e7e87fce42e
c0/C1AS20	35200	8592e219500f2d38093bee05cee872f59830d219
c0/C1AS21	35200	e66c5a28ed364d588d712a0c0e0f39f2ba5d999e
c0/C1AS22	35200	92ecf0b862fb906c19e3200d25903d3891eaec72
c0/C1AS23	35200	afd4681ddf654d92d70698760fe31a35b82ce05e
c0/C1AS32	35200	628dcc7b87af08faee911b65595dadd5a2da3d20
c0/C1AS33	35200	679b21ae40778e665fd9fd4228a86d4829e081c9
c0/C1AS34	35200	3809d6937502669d4be89c1944bb8e887bb0a3d9
c0/C1AS35	35200	6278e8cfb1d25e80ff746cc73e22f4ab4bfaad8f
c0/C1AS39	35200	adf2263dd37f45cf58d942bab53e4fd600f6351a
c0/C1AS4	35200	f998bada7a60d5619368e2711b5452b182703655
c0/C1AS40	35200	bee6c5ee4bb9ee8cfe2bda052b3749c13cceab1e
c0/C1AS41	35200	54b6694da55997e7e8218b018f45a477e0350368
c0/C1AS42	35200	057cf7c5feebf43cdfdc802489cfbbedabe3baa4
c0/C1AS43	35200	06aaa3313ab3d69b211fc1323444dad22239912f
c0/C1AS44	35200	900e71af01536c1cdd0beac48596e68d5d465c04
c0/C1AS45	35200	da7bb00253361edc1ead8704b00b7a5d7ddfed19
c0/C1AS46	35200	752a2e9ebf068a2bc4ef850bcc1f267ef1c559a1
c0/C1AS5	35200	5e3d1126e40158a18f7c2409a4381570a28d1bf7
c0/C1AS57	35200	54c3985c1c0b75e3bef239ad6b79287f66f4040d
c0/C1AS58	35200	001ce7f2e0e143a4edb85548184fcbd5a2340344
c0/C1AS7	35200	8a68e437e69796eec9f9f2b13627a33971171188
c0/C1BS10	35200	7b1c6351ab7f149765b5dddd73d0a8010bdd4c57
c0/C1BS11	35200	e3fcc1df2cb20c9b8d42e8bed6e72694070c95c0
c0/C1BS24	35200	d41852d81480ffcf741fd2303c6713777cf6990d
c0/C1BS25	35200	cb55b08577fbe433033ad60927d0ee798c28af56
c0/C1BS26	35200	7be515bc406800bb2d3501005bf89a0cc4e75041
c0/C1BS27	35200	dfaa9c53c1aa56f6b4607f1bdb9bbb31502e4a86
c0/C1BS36	35200	00337ab88455553e002cc06a155182b1c59d8565
c0/C1BS37	35200	2ca4184a316266301755487b6db5403364732331
c0/C1BS38	35200	1f061ee08c1ec4e6a56f1436d8182dda8b7cd80a
c0/C1BS51	35200	5214764929ec267c2f408342a48d14cd36e6a92e
c0/C1BS52	35200	ad9751eaa1f6ffe6fc45691e59179429a4b79c54
c0/C1BS53	35200	36ccfca6e1c807955f81a766fd9311f9d27369d4
c0/C1BS54	35200	45e302a625f3b5f32e36d5ddb62fafffea475638
c0/C1BS8	35200	877da42261e4a503a4b44e168d6bf0a992759263
c0/C1BS9	35200	66a814ff22493eb17ec815ac7262af2f44b54ed9
c0/C1CS12	35200	a0b5d2a843b7b7262274db253f23221cd27d4200
c0/C1CS13	35200	b2d700e0ebfafdd1b51c206022cd525ed3163dfb
c0/C1CS14	35200	2c6941cd03783329c56b29a27a98a02518f9e3f2
c0/C1CS15	35200	e405b9c6e24975fdfbd2304ebcd8e8910617d005
c0/C1CS28	35200	8446920494925a38c909cded978594b0c8462025
c0/C1CS29	35200	cc117b2fbfec684d1e0f32eaba09b2a5e3208391
c0/C1CS30	35200	44f11680dd02b46d37c3f62a614f87911071bf0c
c0/C1CS31	35200	b32f44aaa73a896383cc574032e918cb7a385938
c0/C1CS47	35200	c24f19443b9573e9b4045f51f1ee056e5e3caf73
c0/C1CS48	35200	e7ef512f6f26ccb4c49c3b9492c11db78cd85237
c0/C1CS49	35200	e6f062ae7d7c684439eb8ff618fdbcb8ad241f5d
c0/C1CS50	35200	bdd017481f11345c3dc40080d46ad6869a60062b
c0/C1CS55	35200	81d6c8faf15a810feae742e188bbeb8017673732
c0/C1CS56	35200	d5727980bc454a6f5b0e436303d272d878bcf669
c0/C1DS59	35200	37d6b3844235c2e40ca8ba669bcb86d6a16ec649
c0/C1DS60	35200	be2aff142fb652311cf0713194d228ef34123597
c0/C1DS61	35200	d0548e95b4f1ff19a4851dcfba97570a7833b550
c0/C1DS62	35200	0af152be9bf733c2f219fb4cdced844b1505a1c0
c0/C1DS63	35200	b2af50ce90612a196b09dac464ac340ee13fb63b
c0/C1DS64	35200	b1d667301d2e38ca3ec9837cd8f61827f3194373
c0/C1DS65	35200	d64640a0b212540b7d5224c0fbe91e55e3b63523
c0/C1DS66	35200	a65923955fbda7724be1900568a97b79f0d61300
c0/C1DS67	35200	21b5dc557873dac8e7d40d006f8a7b7a25df7d77
c0/C1DS68	35200	f60212fb053e0affed1d588957e444be3861d75d
c0/C1S0	35200	9c8f3d66f4f71695df74d5d9ba40aae1e5cdef4f
c0/C1S1	35200	25d6078a79fd64683a3b1a7cb23fa5a2ded9105c
c0/C1S2	35200	d9f5eb43a4e0804bd74f7f07163cb9758f48d7e7
c0/C1S3	35200	8a17cd89549945970fea5dfd07157dc76c159865
c0/C1_12.C	6512	13c90db04134ef5aeac820189b0eb6a5a67ef5a7
c0/C1_12.EXE	65718	8f6913132a99d33e513096e0ce598c8ed0d8b250
c0/C1_12.MAP	24243	3c58da5e6a6a1f6c7dcc70cf4c1193315cc7fe2a
c0/C1_12.OBJ	4811	a2cff8b45fed442fe6b72fb9f9db19c9acc9df23
c0/C1_2.C	5929	53e866572a63a00353e9158bc94069f81ca15e77
c0/C1_2.EXE	65382	94734b4103f6ea3dda61ffbfb6abac4445341995
c0/C1_2.MAP	24337	89a1b2dc02a64656c431b2a63a464558b8eeb9a7
c0/C1_2.OBJ	4386	e764afa4261c4b204b58ce20f070959ca41e65fe
c0/C1_4.C	7412	164e692c3081e12b0c9a259259a03f7249b88195
c0/C1_4.EXE	66166	482c707f57f129ddbe182e6ead85bf33bbc1af33
c0/C1_4.MAP	24243	bec72d24c893af7b4479c2b34454cfc4de2509b0
c0/C1_4.OBJ	5312	c5438818dee77842774e6c67d8ba207be3845918
c0/C1_L.C	7479	88ef43c998b5945c383fdae2958e021e8bff0e8d
c0/C1_L.EXE	66166	d29c6c528df4650a3649e5a63ab2aa5debb7a1f2
c0/C1_L.MAP	24243	ee76bfbbd254eae7dc7962760b47c3e787516825
c0/C1_L.OBJ	5312	340f62bf72dedc80cc60614e743075f38a70f53e
c0/CHECK.EXE	64582	f34997dc15b17f0967ded36b9714ebdaefe7e0e4
c0/CHECK.MAP	24079	4cd98aee7b371f2a30d5ea439799650961403233
c0/CHECK.OBJ	3383	25fba2124c5888b3ae2561c20e14b259ade833e6
c0/a.out	29105	fc6c86be7dc884a8fa4149e0336b7b5df7869331
c0/c0.c	5414	48556a5d11f609352ce20f07126f7fb65065cb8c
c0/check.c	3950	93a5c6286257cea6efa3803cc772b451dc03b443
C2R/C2.C	6913	20ed5831a26a1dcc4157dd303ed891dc347475b9
C2R/C2.EXE	65990	b6e4f7890fe307b3c2bbb8fdf49f3fd024d671b5
C2R/C2.MAP	24843	2b7636a160c3acba6fe3e046629dd68bc77fb091
C2R/C2.OBJ	5257	108063def3c914b7525bf2a17a4de8fb36c45f55
C2R/C2RS00	39200	beb0a65ceb7bd671ac8f0e70dbf40c429323950b
C2R/C2RS01	39200	70884af4d52459d67dbd7a7f48d8f268d31dba69
C2R/C2RS02	39200	c93e08dfa2407f6eb0cae155b5cfbb86019d11b4
C2R/C2RS03	39100	8e5e036cf6f7f4d7664b0da0ba61d759b21b7350
C2R/C2RS04	39100	3e79560e66fb14b9e69e0fda214ca0277272ed36
C2R/C2RS05	39100	43fee9b5d7b6040be754cc561e4f8a2579fe2570
C2R/C2RS06	39200	50642f8bd1cc39c3dd2ee9d4defe06e8e984edd9
C2R/C2RS07	39200	f1477da36079ad7aec0d270c86983539839cabe2
C2R/C2RS08	39200	b35deba772f1fa3615e7e7401bc470cea665a022
C2R/C2RS09	39100	c6c16899cd12a272ea072fa4424c65ff6d030024
C2R/C2RS10	39100	4e87999cccd019e3fe4ca87798c48a80364f37c5
C2R/C2RS11	39100	c6f206ad9e8f144a1eaba80aff148f74c7750997
C2R/C2RS12	39100	617bd8953674934c3d7a49268f9fb51874d2d0a5
C2R/C2RS13	0	e69de29bb2d1d6434b8b29ae775ad8c2e48c5391
C2R/C2RS14	39200	66c083dbf98b9d22aa98d98483b2ec36543c323f
C2R/C2RS15	39200	b122cbfe933bff3c8fc24cbdc08878f1d3126ac0
C2R/C2RS16	39200	8ca6254003c8dcfe4809f08a029b17c694538abf
C2R/C2RS17	39200	208ae0374d652762fe07ee6cc05113f32af28b2e
C2R/C2RS18	39200	8710761030866785034f1ee0e8d85b088cdf79d5
C2R/C2RS19	39200	580982b91ec42b90e799c21501cfb7c8c0d5bffe
C2R/C2RS20	39200	3a6579ffed7169ab984b3e67854e115894af1c2e
C2R/C2RS21	39200	e3bef8b34a13d3023a15255285141b5ffb5a3106
C2R/C2RS22	39100	1704eb916a44ad9aae447feb61ad905e0f0e159a
C2R/C2RS23	39100	deb6650b6fe5de65bc3d3d2044c89403e818b940
C2R/C2RS24	39100	1f144b0feabff6e156e658a126c8914b8feaf00e
C2R/C2RS25	39100	f5552087352a1252ad8343ffc5ee4f87c6d7f5d2
C2R/C2RS26	39100	f0bf9ec28961497de29d2b94e297be245bb5a29b
C2R/C2RS27	39100	13e4365e300dc74e6556e1621861c571d98a4c88
C2R/C2RS28	39100	7bb78e07d53d55d3c4bc1f76a1a58cbbfd53eb5e
C2R/C2RS29	39100	73bed72a27f5eac422b8792a02baf68c078e3c96
C2R/C2RS30	39100	9a0201aa984fb68891dd8db8b8248a6d593f22bc
C2R/C2RS31	39100	4e01e0874331657864e2904f88cbb25733c6dbd1
C2R/C2RS32	39100	cebaec8cbaebc89d4a69d3ab6aabb90159b563b2
C2R/C2RS33	39100	7cf93297dd447810e1b82aa659adf07fab96cc84
C2R/C2RS34	39100	c7ed42cccce26bc64276de1a2ec59808f91799df
C2R/C2RS35	39100	f184540571b0500d6db17c0c09fe2b0580035fcf
C2R/C2RS36	39200	030d4c548124ba27a381c19dad47f9e3b273885c
C2R/C2RS37	39200	660bb58c60262d2be8b819886e5c556c06145b9d
C2R/C2RS38	39200	a345986f282d9d369e4ab751d50678753bc31f96
C2R/C2RS39	39200	38212df0b17100d13782512cee28e2907e48fc4d
C2R/C2RS40	39200	715f89f6cfda80eb4286114cc2490161fe804bab
C2R/C2RS41	39200	4fea853b001799c3fad4bd660b9fdfac460a15a1
C2R/C2RS42	39100	8d4dd60e426592239b8bf4f620ebd3c31969e431
C2R/C2RS43	39100	767cdbcad38e05a3dde8ec87416a797a7bae0158
C2R/C2RS44	39200	91efd0f336f0936d3a7b46753b65768e68341fcf
C2R/C2RS45	39100	526c320f320bf34a5c2530b761e3f65d73170651
C2R/C2RS46	39100	5588ecd8ffd0a083b197aafdaed96cf18f501279
C2R/C2_CHN.C	6769	49d2a410a195de8bf5b1a642df62286fb85b6161
C2R/C2_CHN.EXE	65894	9ba88ce090735600c218f868dfbc85aead3e142a
C2R/C2_CHN.MAP	24843	1cbe5d7912d797e6ceae921c8fa1a3c94ae30b79
C2R/C2_CHN.OBJ	5140	b6cc73c7501339fc7a670067afad6ecf07907b4e
C2R/C2_CHW.C	6769	1dc62e148a2c98513086ebd60c9ed79a4e02978f
C2R/C2_CHW.EXE	65894	6b6b9dbf20f6b64516a81514aef76b0e39d94fb4
C2R/C2_CHW.MAP	24843	549d481a39299453a3d2f4c62d1476ba9d3ce071
C2R/C2_CHW.OBJ	5139	b998221d54120a713c7d117c30b1dfafe745abe4
C2R/C2_CNN.C	6769	8138a4c88e5281dab6da12e38ac3a67d4b9c4321
C2R/C2_CNN.EXE	65894	cba1521e5d61c953b9655ded065082539821317b
C2R/C2_CNN.MAP	24843	710ade58fa549beaa91064f039c96d8eaeb74a7d
C2R/C2_CNN.OBJ	5141	b169a133097153d102f1ea88da5cbcf837c892fb
C2R/C2_CNW.C	6769	3f30d088981e0394441d1672cbc3d23683481f94
C2R/C2_CNW.EXE	65894	f2e0c86193be81c45cdad87653b854e493cbfe2d
C2R/C2_CNW.MAP	24843	5ba414477c4e0a84fe387d233d30d75dee6e59ea
C2R/C2_CNW.OBJ	5140	d18a96537d4fcbca3e8e78286cacccd513dd0b25
