subject,dominant_symbol,alternative_symbol,n_correct,n_wrong
1,1,2,41,9
1,1,3,49,11
1,1,4,31,6
1,1,5,35,15
1,1,6,39,4
1,2,1,39,16
1,2,3,42,5
1,2,4,30,9
1,2,5,40,8
1,2,6,47,4
1,3,1,35,19
1,3,2,32,12
1,3,4,31,17
1,3,5,27,19
1,3,6,46,2
1,4,1,37,13
1,4,2,27,20
1,4,3,37,17
1,4,5,22,22
1,4,6,37,8
1,5,1,38,10
1,5,2,44,15
1,5,3,34,8
1,5,4,32,9
1,5,6,44,6
1,6,1,32,13
1,6,2,46,12
1,6,3,50,19
1,6,4,53,10
1,6,5,47,18
2,1,2,21,18
2,1,3,23,26
2,1,4,27,26
2,1,5,16,28
2,1,6,34,21
2,2,1,42,6
2,2,3,50,6
2,2,4,45,8
2,2,5,35,5
2,2,6,34,9
2,3,1,40,11
2,3,2,30,17
2,3,4,27,20
2,3,5,26,14
2,3,6,38,17
2,4,1,30,7
2,4,2,33,18
2,4,3,46,13
2,4,5,22,21
2,4,6,39,11
2,5,1,46,10
2,5,2,30,21
2,5,3,34,16
2,5,4,37,5
2,5,6,27,14
2,6,1,50,9
2,6,2,41,15
2,6,3,50,5
2,6,4,49,17
2,6,5,50,14
3,1,2,43,3
3,1,3,28,13
3,1,4,28,24
3,1,5,44,12
3,1,6,34,11
3,2,1,41,7
3,2,3,38,7
3,2,4,45,8
3,2,5,38,4
3,2,6,45,7
3,3,1,43,3
3,3,2,38,11
3,3,4,26,11
3,3,5,53,13
3,3,6,33,9
3,4,1,48,6
3,4,2,36,9
3,4,3,43,9
3,4,5,37,8
3,4,6,37,7
3,5,1,29,16
3,5,2,37,8
3,5,3,45,17
3,5,4,31,15
3,5,6,37,5
3,6,1,51,13
3,6,2,48,4
3,6,3,55,15
3,6,4,42,15
3,6,5,47,10
4,1,2,27,13
4,1,3,35,23
4,1,4,32,21
4,1,5,41,6
4,1,6,35,7
4,2,1,34,10
4,2,3,43,6
4,2,4,54,5
4,2,5,42,6
4,2,6,38,2
4,3,1,37,12
4,3,2,54,11
4,3,4,36,10
4,3,5,27,8
4,3,6,31,14
4,4,1,29,14
4,4,2,30,11
4,4,3,32,26
4,4,5,33,20
4,4,6,37,8
4,5,1,27,16
4,5,2,32,23
4,5,3,31,18
4,5,4,18,22
4,5,6,43,10
4,6,1,36,19
4,6,2,48,15
4,6,3,45,16
4,6,4,42,14
4,6,5,48,17
5,1,2,29,18
5,1,3,34,25
5,1,4,20,23
5,1,5,28,24
5,1,6,27,12
5,2,1,34,9
5,2,3,38,10
5,2,4,41,5
5,2,5,35,11
5,2,6,51,6
5,3,1,36,10
5,3,2,34,19
5,3,4,32,23
5,3,5,23,15
5,3,6,31,17
5,4,1,30,15
5,4,2,28,22
5,4,3,28,16
5,4,5,30,18
5,4,6,46,7
5,5,1,40,12
5,5,2,27,13
5,5,3,36,12
5,5,4,39,13
5,5,6,39,9
5,6,1,29,11
5,6,2,46,18
5,6,3,46,18
5,6,4,49,17
5,6,5,50,16
6,1,2,26,25
6,1,3,21,22
6,1,4,26,25
6,1,5,20,29
6,1,6,22,24
6,2,1,43,10
6,2,3,31,18
6,2,4,36,16
6,2,5,28,14
6,2,6,31,13
6,3,1,39,11
6,3,2,22,27
6,3,4,19,22
6,3,5,35,12
6,3,6,37,16
6,4,1,29,14
6,4,2,27,23
6,4,3,23,14
6,4,5,32,19
6,4,6,42,17
6,5,1,24,24
6,5,2,26,23
6,5,3,28,11
6,5,4,28,32
6,5,6,18,26
6,6,1,42,14
6,6,2,50,18
6,6,3,31,19
6,6,4,39,30
6,6,5,45,12
7,1,2,33,18
7,1,3,35,15
7,1,4,29,13
7,1,5,32,15
7,1,6,32,18
7,2,1,49,8
7,2,3,47,7
7,2,4,34,11
7,2,5,33,3
7,2,6,38,10
7,3,1,24,19
7,3,2,40,20
7,3,4,35,21
7,3,5,25,14
7,3,6,35,7
7,4,1,46,9
7,4,2,40,6
7,4,3,47,2
7,4,5,39,5
7,4,6,41,5
7,5,1,32,17
7,5,2,35,25
7,5,3,38,16
7,5,4,25,11
7,5,6,26,15
7,6,1,51,11
7,6,2,41,11
7,6,3,47,12
7,6,4,50,16
7,6,5,55,6
8,1,2,37,12
8,1,3,37,11
8,1,4,35,18
8,1,5,30,12
8,1,6,37,11
8,2,1,36,6
8,2,3,37,14
8,2,4,40,16
8,2,5,38,5
8,2,6,38,10
8,3,1,47,9
8,3,2,42,10
8,3,4,27,20
8,3,5,29,9
8,3,6,42,5
8,4,1,48,6
8,4,2,35,12
8,4,3,37,7
8,4,5,35,3
8,4,6,57,0
8,5,1,41,16
8,5,2,32,9
8,5,3,39,17
8,5,4,34,12
8,5,6,33,7
8,6,1,43,15
8,6,2,36,19
8,6,3,41,21
8,6,4,42,17
8,6,5,41,25
9,1,2,39,15
9,1,3,22,22
9,1,4,20,32
9,1,5,26,8
9,1,6,41,15
9,2,1,37,15
9,2,3,29,17
9,2,4,37,8
9,2,5,28,15
9,2,6,39,15
9,3,1,38,13
9,3,2,35,11
9,3,4,37,8
9,3,5,42,11
9,3,6,39,6
9,4,1,35,15
9,4,2,27,17
9,4,3,18,20
9,4,5,31,18
9,4,6,47,12
9,5,1,25,13
9,5,2,39,18
9,5,3,28,16
9,5,4,34,20
9,5,6,34,13
9,6,1,42,14
9,6,2,42,26
9,6,3,42,27
9,6,4,35,22
9,6,5,37,13
10,1,2,12,25
10,1,3,15,38
10,1,4,9,38
10,1,5,23,21
10,1,6,24,35
10,2,1,43,3
10,2,3,54,14
10,2,4,38,5
10,2,5,48,3
10,2,6,29,3
10,3,1,30,5
10,3,2,41,23
10,3,4,31,15
10,3,5,41,8
10,3,6,35,11
10,4,1,27,27
10,4,2,11,33
10,4,3,21,29
10,4,5,22,20
10,4,6,23,27
10,5,1,31,13
10,5,2,17,24
10,5,3,31,25
10,5,4,33,10
10,5,6,17,39
10,6,1,55,10
10,6,2,33,21
10,6,3,57,11
10,6,4,48,9
10,6,5,52,4
